Date,Close/Last,Volume,Open,High,Low
12/12/2024,69.92,48284,70.31,70.3362,69.92
12/11/2024,70.54,35156,70.92,71.1891,70.45
12/10/2024,70.52,70930,71.00,71.00,69.955
12/09/2024,71.48,51351,71.54,71.68,71.36
12/06/2024,71.22,66262,71.67,71.71,71.09
12/05/2024,71.32,43439,72.09,72.09,71.209
12/04/2024,72.14,50483,72.27,72.27,71.80
12/03/2024,72.14,95454,72.00,72.26,71.6698
12/02/2024,71.62,61740,71.91,71.91,71.14
11/29/2024,71.76,23796,71.84,72.01,71.7101
11/27/2024,71.54,47982,71.65,72.06,71.50
11/26/2024,71.43,35967,71.85,71.85,71.29
11/25/2024,71.96,70371,71.46,72.25,71.46
11/22/2024,71.12,42013,70.42,71.15,70.42
11/21/2024,70.38,126282,69.75,70.57,69.41
11/20/2024,69.49,52087,69.51,69.51,69.05
11/19/2024,69.29,126402,69.05,69.4163,68.85
11/18/2024,69.50,72667,69.15,69.74,69.02
11/15/2024,69.18,82374,69.63,69.82,69.10
11/14/2024,69.74,156178,70.88,70.88,69.71
11/13/2024,70.87,65827,70.99,71.31,70.74
11/12/2024,70.88,68427,71.44,71.62,70.79
11/11/2024,71.61,92124,71.70,71.95,71.48
11/08/2024,71.30,64099,71.47,71.71,71.22
11/07/2024,71.78,84093,72.21,72.21,71.57
11/06/2024,72.10,166466,72.08,72.59,71.51
11/05/2024,70.39,36637,69.27,70.39,69.22
11/04/2024,69.13,50386,68.79,69.525,68.79
11/01/2024,68.71,48285,68.93,69.16,68.69
10/31/2024,68.25,42829,68.83,69.12,68.22
10/30/2024,69.07,77555,68.94,69.4957,68.885
10/29/2024,68.85,51340,68.74,68.99,68.15
10/28/2024,69.11,62847,69.07,69.65,69.0675
10/25/2024,68.62,62586,69.42,69.4988,68.5399
10/24/2024,69.11,64784,69.67,69.67,69.11
10/23/2024,69.41,37681,69.39,69.83,69.00
10/22/2024,69.59,65489,69.86,69.94,69.51
10/21/2024,70.10,58690,70.62,70.7493,69.87
10/18/2024,70.69,27433,70.82,70.89,70.55
10/17/2024,70.74,33011,71.13,71.13,70.52
10/16/2024,71.22,46964,71.07,71.475,70.9298
10/15/2024,70.81,61905,70.94,71.46,70.72
10/14/2024,70.86,54695,70.29,70.87,70.225
10/11/2024,70.22,46510,69.54,70.27,69.54
10/10/2024,69.61,49719,69.73,69.79,69.34
10/09/2024,70.09,157642,69.88,70.39,69.815
10/08/2024,69.64,36131,69.45,69.8232,69.29
10/07/2024,69.37,41703,69.44,69.59,68.95
10/04/2024,69.64,46253,69.75,69.785,69.235
10/03/2024,69.57,50802,69.80,69.80,69.3306
10/02/2024,70.00,76502,69.72,70.15,69.62
10/01/2024,70.01,167959,70.53,70.53,69.67
09/30/2024,70.54,123734,70.35,70.62,69.82
09/27/2024,70.51,88434,70.55,71.09,70.28
09/26/2024,70.20,46451,69.86,70.46,69.86
09/25/2024,69.36,39395,69.89,69.99,69.28
09/24/2024,69.86,86150,69.89,70.07,69.77
09/23/2024,69.77,55815,69.43,69.7899,69.43
09/20/2024,69.30,62974,69.87,69.87,69.20
09/19/2024,70.14,50373,70.04,70.1699,69.58
09/18/2024,69.01,69004,69.27,69.83,68.81
09/17/2024,69.27,112485,69.18,69.51,68.94
09/16/2024,68.84,38923,68.31,68.87,68.31
09/13/2024,68.13,109102,67.75,68.28,67.52
09/12/2024,67.39,70202,66.89,67.39,66.64
09/11/2024,66.98,96563,66.97,67.03,65.67
09/10/2024,67.17,47349,66.77,67.17,66.5526
09/09/2024,66.65,47307,66.35,66.87,66.35
09/06/2024,66.09,73727,66.77,67.225,66.02
09/05/2024,66.77,140933,67.28,67.28,66.42
09/04/2024,67.64,52774,68.00,68.17,67.39
09/03/2024,68.51,92117,69.41,69.725,68.20
08/30/2024,69.84,46589,69.56,69.94,69.10
08/29/2024,69.32,54716,69.32,69.85,68.98
08/28/2024,69.13,32967,69.44,69.5399,69.05
08/27/2024,69.29,41806,69.45,69.47,69.07
08/26/2024,69.75,61822,69.97,70.2626,69.664
08/23/2024,69.75,38875,69.18,69.82,68.95
08/22/2024,68.71,45573,69.23,69.39,68.6395
08/21/2024,69.07,44099,68.66,69.13,68.445
08/20/2024,68.32,35996,68.71,68.81,68.16
08/19/2024,68.61,39723,68.28,68.6252,68.265
08/16/2024,68.15,44398,68.18,68.40,67.9893
08/15/2024,68.38,60786,67.93,68.58,67.80
08/14/2024,67.34,33254,67.46,67.545,67.201
08/13/2024,67.46,81787,66.72,67.505,66.44
08/12/2024,66.41,45466,67.10,67.10,66.1707
08/09/2024,66.90,42384,67.31,67.31,66.51
08/08/2024,67.27,60329,66.58,67.29,66.18
08/07/2024,66.17,86004,67.43,67.73,66.0806
08/06/2024,66.71,111591,66.41,67.60,66.21
08/05/2024,66.15,191724,66.83,67.1385,65.6414
08/02/2024,68.03,58085,68.49,68.49,67.225
08/01/2024,69.26,59807,69.72,70.27,68.7069
07/31/2024,69.65,70100,69.68,70.40,69.39
07/30/2024,69.28,47833,69.55,69.55,68.85
07/29/2024,69.59,65982,69.95,69.95,69.41
07/26/2024,69.68,57765,69.04,70.0799,69.04
07/25/2024,68.26,50715,67.39,69.15,67.39
07/24/2024,67.39,48180,68.15,68.33,67.37
07/23/2024,68.59,39170,68.68,68.88,68.47
07/22/2024,68.65,82692,68.05,68.65,67.57
07/19/2024,67.68,30442,68.17,68.17,67.515
07/18/2024,68.15,75101,68.50,69.43,68.04
07/17/2024,68.62,66054,69.06,69.4499,68.62
07/16/2024,69.25,111960,67.51,69.28,67.51
07/15/2024,67.17,64388,67.39,67.67,67.06
07/12/2024,67.13,139415,66.59,67.45,66.59
07/11/2024,66.24,84400,65.35,66.54,65.35
07/10/2024,64.70,66714,64.04,64.72,63.97
07/09/2024,63.83,50043,64.29,64.29,63.8101
07/08/2024,64.29,71286,64.27,64.555,64.16
07/05/2024,64.12,62339,64.03,64.12,63.45
07/03/2024,64.06,37401,64.01,64.44,63.93
07/02/2024,63.97,91558,63.74,64.12,63.74
07/01/2024,63.82,134327,64.98,65.05,63.81
06/28/2024,64.91,83214,65.30,65.58,64.55
06/27/2024,65.09,65551,64.77,65.1799,64.6575
06/26/2024,64.74,54381,64.84,64.84,64.3921
06/25/2024,65.01,103581,66.02,66.02,64.90
06/24/2024,66.08,67554,66.00,66.5185,65.8608
06/21/2024,65.88,100361,65.61,65.89,65.42
06/20/2024,65.75,81928,66.11,66.16,65.57
06/18/2024,66.39,61990,65.80,66.5075,65.80
06/17/2024,65.89,46336,65.47,66.0759,65.285
06/14/2024,65.58,58005,65.91,65.91,65.06
06/13/2024,66.26,40831,66.45,66.45,65.67
06/12/2024,66.55,44998,66.39,66.9364,66.39
06/11/2024,65.45,32199,65.24,65.45,64.93
06/10/2024,65.56,80675,65.16,65.56,64.92
06/07/2024,65.26,63833,65.25,65.6032,65.1781
06/06/2024,65.52,96122,65.91,65.96,65.375
06/05/2024,65.84,49166,65.40,65.84,65.00
06/04/2024,65.08,76816,65.49,65.49,64.845
06/03/2024,65.73,57692,66.37,66.37,65.2701
05/31/2024,66.21,39479,65.64,66.21,65.31
05/30/2024,65.34,41364,64.71,65.34,64.5202
05/29/2024,65.08,74044,65.41,65.41,65.04
05/28/2024,66.04,40781,67.45,67.45,65.9365
05/24/2024,67.40,37328,67.33,67.525,67.15
05/23/2024,67.15,210542,68.46,68.46,67.13
05/22/2024,68.30,49392,68.44,68.72,68.0604
05/21/2024,68.50,37936,68.51,68.54,68.23
05/20/2024,68.67,55063,68.43,68.76,68.38
05/17/2024,68.41,43560,68.40,68.48,68.1701
05/16/2024,68.40,78447,68.97,68.97,68.36
05/15/2024,68.93,86856,68.64,68.95,68.6391
05/14/2024,68.20,135120,67.93,68.27,67.85
05/13/2024,67.72,103214,68.37,68.37,67.72
05/10/2024,68.19,67833,68.13,68.24,67.92
05/09/2024,67.88,103328,67.44,67.89,67.29
05/08/2024,67.27,129681,67.17,67.34,67.05
05/07/2024,67.16,242971,66.97,67.31,66.875
05/06/2024,66.84,101646,66.65,66.84,66.4451
05/03/2024,66.15,110088,66.15,66.50,65.9065
05/02/2024,65.43,118348,65.14,65.51,64.6183
05/01/2024,64.62,54869,64.21,65.35,64.21
04/30/2024,64.21,57374,64.90,65.11,64.19
04/29/2024,64.88,38260,64.88,65.01,64.66
04/26/2024,64.65,34907,64.65,64.9278,64.41
04/25/2024,64.62,48275,64.26,64.845,63.65
04/24/2024,64.69,40911,64.75,65.10,64.30
04/23/2024,64.94,64809,64.22,65.093,64.22
04/22/2024,63.70,30284,63.59,64.06,63.20
04/19/2024,63.28,96245,63.21,63.53,63.06
04/18/2024,63.13,30506,63.12,63.62,63.0556
04/17/2024,63.04,42412,63.79,63.79,62.82
04/16/2024,63.48,247856,63.37,63.75,63.0936
04/15/2024,63.57,88010,64.44,64.72,63.3656
04/12/2024,63.96,81827,64.37,64.48,63.7501
04/11/2024,64.70,61557,64.79,64.929,64.2801
04/10/2024,64.72,59696,64.65,64.97,64.50
04/09/2024,65.88,39654,65.79,65.93,65.2406
04/08/2024,65.63,62162,65.80,65.8378,65.5101
04/05/2024,65.55,38934,65.07,65.71,65.015
04/04/2024,65.13,59091,66.03,66.21,65.00
04/03/2024,65.53,33931,65.15,65.755,65.15
04/02/2024,65.32,76015,65.52,65.5799,65.0924
04/01/2024,65.92,54092,66.74,66.74,65.86
03/28/2024,66.57,40229,66.40,66.70,66.39
03/27/2024,66.40,51186,65.84,66.40,65.84
03/26/2024,65.54,41210,65.60,65.70,65.49
03/25/2024,65.52,72688,66.15,66.25,65.48
03/22/2024,66.22,71926,66.45,66.6433,66.06
03/21/2024,66.43,52034,65.53,66.5199,65.53
03/20/2024,65.54,74803,65.09,65.63,64.94
03/19/2024,65.06,125663,64.22,65.07,64.22
03/18/2024,64.14,116257,64.39,64.71,64.14
03/15/2024,64.37,40593,64.17,64.55,64.17
03/14/2024,64.27,45849,64.70,64.81,63.89
03/13/2024,64.68,48658,64.53,64.8599,64.505
03/12/2024,64.51,66650,64.24,64.61,64.1574
03/11/2024,64.24,57474,64.42,64.42,63.772
03/08/2024,64.42,52340,64.88,65.12,64.36
03/07/2024,64.71,77506,64.46,64.80,64.4305
03/06/2024,64.18,141297,64.02,64.5394,64.02
03/05/2024,63.73,48272,64.25,64.545,63.61
03/04/2024,64.82,76908,64.43,65.03,64.405
03/01/2024,64.43,60546,63.92,64.46,63.665
02/29/2024,63.91,37846,64.19,64.25,63.695
02/28/2024,63.98,47981,63.61,64.18,63.61
02/27/2024,63.72,50642,63.60,63.78,63.49
02/26/2024,63.52,55252,63.50,63.69,63.39
02/23/2024,63.47,60231,63.33,63.62,63.30
02/22/2024,63.23,46821,63.04,63.32,62.8705
02/21/2024,62.75,46402,62.58,62.76,62.33
02/20/2024,62.70,99044,62.55,62.71,62.25
02/16/2024,62.78,49818,62.81,63.2815,62.75
02/15/2024,63.15,75531,62.69,63.16,62.545
02/14/2024,62.31,81128,61.82,62.31,61.62
02/13/2024,61.46,48653,61.67,61.95,61.05
02/12/2024,62.50,70973,62.21,62.5655,62.03
02/09/2024,62.20,61847,61.88,62.30,61.86
02/08/2024,61.86,68294,61.24,61.89,61.24
02/07/2024,61.09,62216,60.61,61.40,60.61
02/06/2024,60.33,81644,59.54,60.35,59.48
02/05/2024,59.52,137630,59.90,59.90,59.30
02/02/2024,60.26,45694,60.12,60.58,59.5681
02/01/2024,60.32,88737,59.47,60.34,59.35
01/31/2024,59.26,43579,60.29,60.29,59.2461
01/30/2024,60.42,64021,59.91,60.4482,59.91
01/29/2024,60.09,51220,59.42,60.12,59.3741
01/26/2024,59.41,52985,59.58,59.929,59.35
01/25/2024,59.34,47154,59.26,59.4594,59.05
01/24/2024,58.81,47530,60.14,60.16,58.80
01/23/2024,59.87,61747,60.28,60.4799,59.75
01/22/2024,60.19,215081,59.63,60.28,59.63
01/19/2024,59.53,49504,59.05,59.57,58.76
01/18/2024,59.05,110684,58.62,59.15,58.59
01/17/2024,58.49,59967,58.52,58.79,58.3199
01/16/2024,58.87,430663,58.75,59.1273,58.63
01/12/2024,59.09,43607,59.31,59.45,58.89
01/11/2024,59.01,56880,59.16,59.18,58.41
01/10/2024,59.14,83149,58.92,59.2199,58.68
01/09/2024,58.92,81861,58.92,59.21,58.70
01/08/2024,59.23,48897,58.54,59.23,58.54
01/05/2024,58.67,60290,58.65,59.10,58.5251
01/04/2024,58.80,74940,58.90,59.20,58.7626
01/03/2024,58.93,79181,60.00,60.00,58.91
01/02/2024,60.38,99445,60.53,60.79,60.06
12/29/2023,60.86,38799,61.15,61.26,60.75
12/28/2023,61.24,60694,61.17,61.3213,61.0805
12/27/2023,61.28,47943,60.97,61.32,60.97
12/26/2023,61.01,46029,60.70,61.19,60.6675
12/22/2023,60.71,61858,60.50,60.83,60.49
12/21/2023,60.38,107221,60.03,60.41,59.83
12/20/2023,59.72,108414,60.27,60.84,59.665
12/19/2023,60.28,84121,59.70,60.31,59.70
12/18/2023,59.51,68219,59.63,59.71,59.18
12/15/2023,59.57,51104,59.92,60.045,59.40
12/14/2023,60.03,108728,59.36,60.33,59.36
12/13/2023,59.20,105312,58.17,59.21,57.89
12/12/2023,58.14,147662,58.10,58.3742,57.91
12/11/2023,58.04,87723,57.69,58.05,57.69
12/08/2023,57.69,64693,57.46,57.97,57.46
12/07/2023,57.60,50114,57.25,57.6199,57.14
12/06/2023,57.39,83826,57.28,57.805,57.28
12/05/2023,57.09,49255,57.32,57.38,56.92
12/04/2023,57.43,43716,56.96,57.4825,56.96
12/01/2023,57.40,78888,56.38,57.40,56.38
11/30/2023,56.59,57813,56.04,56.64,55.85
11/29/2023,55.98,43904,55.91,56.3042,55.91
11/28/2023,55.68,45695,56.09,56.2299,55.6181
11/27/2023,56.16,76323,56.00,56.29,55.8888
11/24/2023,56.10,35846,55.90,56.18,55.79
11/22/2023,55.90,68003,55.66,56.0562,55.61
11/21/2023,55.53,74821,55.30,55.72,55.30
11/20/2023,55.32,85323,55.36,55.43,55.12
11/17/2023,55.45,57776,55.58,55.58,55.28
11/16/2023,55.33,57068,55.17,55.6487,55.17
11/15/2023,55.21,135548,55.14,55.79,55.14
11/14/2023,55.24,110739,54.04,55.31,54.04
11/13/2023,53.14,72994,53.08,53.28,52.94
11/10/2023,53.14,40842,52.66,53.20,52.5302
11/09/2023,52.49,54854,52.95,53.00,52.45
11/08/2023,52.66,49557,52.74,52.92,52.4203
11/07/2023,52.74,37039,52.54,52.86,52.40
11/06/2023,52.78,60879,53.28,53.29,52.7007
11/03/2023,53.24,85146,52.66,53.62,52.66
11/02/2023,52.09,59969,51.48,52.16,51.44
11/01/2023,51.09,90960,50.69,51.09,50.38
10/31/2023,50.82,74788,50.18,50.90,50.18
10/30/2023,50.11,77474,49.98,50.26,49.693
10/27/2023,49.77,110222,50.33,50.39,49.651
10/26/2023,50.34,33975,50.06,50.66,50.04
10/25/2023,50.11,124008,50.42,50.4761,49.83
10/24/2023,50.70,43009,50.86,51.1099,50.65
10/23/2023,50.82,67885,51.04,51.3959,50.76
10/20/2023,51.16,82944,51.49,51.81,51.13
10/19/2023,51.62,62298,51.85,52.46,51.52
10/18/2023,51.79,91435,53.21,53.21,51.79
10/17/2023,53.58,38826,52.87,53.94,52.8384
10/16/2023,53.21,49726,52.87,53.2941,52.75
10/13/2023,52.59,52909,53.15,53.29,52.39
10/12/2023,53.17,82760,54.09,54.135,52.92
10/11/2023,54.09,63778,53.66,54.09,53.66
10/10/2023,53.61,38612,53.38,54.08,53.38
10/09/2023,53.31,33883,52.76,53.37,52.655
10/06/2023,52.97,59939,52.23,53.20,52.104
10/05/2023,52.53,76163,52.62,52.7842,52.27
10/04/2023,52.69,48777,52.02,52.70,51.78
10/03/2023,52.00,90108,52.23,52.57,51.842
10/02/2023,52.54,70167,53.15,53.18,52.28
09/29/2023,53.18,47722,53.72,53.73,53.0311
09/28/2023,53.46,40594,53.17,53.88,53.17
09/27/2023,53.11,48807,52.92,53.38,52.83
09/26/2023,52.79,63877,53.12,53.34,52.73
09/25/2023,53.28,64343,52.90,53.32,52.84
09/22/2023,53.07,62280,53.26,53.41,53.05
09/21/2023,53.15,73479,53.79,53.79,53.11
09/20/2023,54.15,50850,54.48,54.88,54.10
09/19/2023,54.42,63786,54.60,54.65,54.09
09/18/2023,54.56,30418,54.58,54.9298,54.48
09/15/2023,54.68,74918,55.02,55.02,54.57
09/14/2023,55.09,65555,54.87,55.15,54.67
09/13/2023,54.60,79659,54.60,54.85,54.45
09/12/2023,54.65,80324,54.92,54.96,54.55
09/11/2023,55.05,84695,54.85,55.16,54.77
09/08/2023,54.66,49896,55.12,55.12,54.55
09/07/2023,55.18,79069,55.44,55.4684,55.01
09/06/2023,55.80,51103,56.07,56.22,55.555
09/05/2023,56.07,75747,57.18,57.18,56.05
09/01/2023,57.30,82642,57.43,57.69,57.15
08/31/2023,57.14,37148,57.52,57.6099,57.14
08/30/2023,57.31,36508,57.16,57.60,57.16
08/29/2023,57.13,66013,56.54,57.14,56.35
08/28/2023,56.53,45711,56.25,56.6839,56.25
08/25/2023,56.06,54786,55.62,56.285,55.58
08/24/2023,55.53,61466,56.15,56.47,55.51
08/23/2023,56.15,43879,55.71,56.1999,55.71
08/22/2023,55.64,60983,55.71,55.71,55.48
08/21/2023,55.49,56365,55.59,55.63,55.12
08/18/2023,55.63,50807,55.50,55.76,55.26
08/17/2023,55.64,61316,56.52,56.55,55.64
08/16/2023,56.44,47688,56.69,56.98,56.44
08/15/2023,56.74,76659,57.04,57.17,56.73
08/14/2023,57.40,39945,56.99,57.40,56.93
08/11/2023,57.15,33164,56.93,57.30,56.8393
08/10/2023,57.06,71456,57.27,57.66,56.925
08/09/2023,57.11,45784,57.65,57.73,57.0681
08/08/2023,57.63,71005,57.47,57.71,56.8801
08/07/2023,57.77,54980,57.27,57.92,57.27
08/04/2023,57.23,66570,57.31,57.79,57.11
08/03/2023,57.27,86308,57.56,57.56,57.14
08/02/2023,57.81,60218,57.55,58.14,57.55
08/01/2023,57.84,62524,57.60,57.97,57.60
07/31/2023,57.87,50215,57.98,58.00,57.65
07/28/2023,57.90,53616,57.91,58.035,57.60
07/27/2023,57.70,85962,58.43,58.45,57.5837
07/26/2023,58.32,46172,57.99,58.42,57.90
07/25/2023,58.24,101733,57.83,58.43,57.80
07/24/2023,58.21,68528,58.26,58.34,57.91
07/21/2023,58.16,83208,57.71,58.27,57.6745
07/20/2023,57.61,116182,57.43,57.655,57.1439
07/19/2023,57.37,76634,57.30,57.4501,57.0701
07/18/2023,57.23,113433,56.88,57.29,56.87
07/17/2023,56.95,94270,56.70,57.13,56.62
07/14/2023,56.90,41660,56.96,56.989,56.56
07/13/2023,56.98,101677,57.05,57.10,56.85
07/12/2023,56.97,129957,56.93,57.21,56.7027
07/11/2023,56.41,262975,55.91,56.50,55.91
07/10/2023,55.91,61059,55.20,55.95,55.20
07/07/2023,55.35,253307,55.12,55.8199,55.12
07/06/2023,55.22,76166,55.39,55.41,54.92
07/05/2023,55.86,76170,55.86,56.01,55.61
07/03/2023,56.28,26884,56.30,56.30,55.8859
06/30/2023,56.39,84041,56.17,56.57,56.06
06/29/2023,55.87,44670,55.34,55.87,55.04
06/28/2023,55.36,77837,55.61,55.6299,55.16
06/27/2023,55.67,56620,54.94,55.72,54.94
06/26/2023,54.92,66863,54.68,55.1699,54.68
06/23/2023,54.80,60939,55.03,55.34,54.75
06/22/2023,55.28,69551,55.49,55.60,55.16
06/21/2023,55.58,45435,55.14,55.7114,54.92
06/20/2023,55.24,80684,55.31,55.31,54.95
06/16/2023,55.69,95571,55.66,55.9699,55.55
06/15/2023,55.72,86294,54.98,55.835,54.8798
06/14/2023,55.07,118874,55.41,55.54,54.83
06/13/2023,55.24,86114,54.73,55.28,54.65
06/12/2023,54.58,72514,54.58,54.65,54.28
06/09/2023,54.53,72891,54.68,54.68,54.26
06/08/2023,54.69,154294,54.86,54.89,54.41
06/07/2023,54.90,64053,54.34,54.91,54.34
06/06/2023,54.22,110410,53.78,54.4082,53.6168
06/05/2023,53.80,74516,54.01,54.01,53.41
06/02/2023,54.11,61388,52.91,54.14,52.91
06/01/2023,52.49,59572,52.14,52.5919,51.76
05/31/2023,52.05,106486,52.32,52.42,51.815
05/30/2023,52.35,36677,52.87,52.94,52.35
05/26/2023,52.69,42449,52.22,52.7462,52.19
05/25/2023,52.19,211915,52.09,52.30,51.75
05/24/2023,52.07,214182,52.58,52.58,51.93
05/23/2023,52.78,181451,53.28,53.5237,52.77
05/22/2023,53.54,40494,53.27,53.71,53.27
05/19/2023,53.32,34075,53.63,53.82,53.26
05/18/2023,53.54,32048,52.74,53.60,52.74
05/17/2023,52.97,28679,52.76,53.08,52.40
05/16/2023,52.54,46804,53.08,53.11,52.53
05/15/2023,53.35,61591,53.21,53.4299,53.07
05/12/2023,53.16,50892,53.21,53.62,52.831
05/11/2023,53.14,37065,53.25,53.39,52.88
05/10/2023,53.55,50950,53.71,53.87,52.95
05/09/2023,53.33,41852,53.39,53.437,53.11
05/08/2023,53.51,55229,53.73,54.00,53.34
05/05/2023,53.82,61285,53.36,53.94,53.35
05/04/2023,52.97,54520,52.85,53.18,52.66
05/03/2023,52.99,105388,52.92,53.64,52.92
05/02/2023,52.84,37469,52.77,52.92,52.0256
05/01/2023,52.92,58534,52.57,53.2983,52.57
04/28/2023,52.58,42415,52.23,52.795,52.23
04/27/2023,52.35,42902,51.44,52.35,51.3703
04/26/2023,51.27,91685,51.65,51.83,51.16
04/25/2023,51.95,52547,52.62,52.7803,51.94
04/24/2023,53.09,42137,52.96,53.31,52.96
04/21/2023,52.93,38868,52.61,52.95,52.576
04/20/2023,52.59,44086,52.02,52.75,52.00
04/19/2023,52.51,34134,52.19,52.55,52.19
04/18/2023,52.47,39526,52.84,53.0567,52.31
04/17/2023,52.69,75962,52.38,52.69,52.21
04/14/2023,52.45,42768,52.76,53.12,52.20
04/13/2023,52.92,107258,52.59,52.92,52.17
04/12/2023,52.44,57723,52.68,52.9099,52.35
04/11/2023,52.31,50131,52.01,52.53,52.01
04/10/2023,51.97,59606,51.26,51.97,51.26
04/06/2023,51.57,43106,51.58,51.60,51.2309
04/05/2023,51.60,63357,51.69,51.88,51.36
04/04/2023,51.98,70738,53.09,53.23,51.8496
04/03/2023,53.15,71398,53.14,53.33,52.77
03/31/2023,53.35,55860,52.69,53.38,52.69
03/30/2023,52.60,71460,52.79,52.8699,52.46
03/29/2023,52.38,76982,52.38,52.40,52.0455
03/28/2023,51.84,69240,51.45,52.12,51.45
03/27/2023,51.64,164347,51.62,51.915,51.47
03/24/2023,51.32,88240,50.56,51.37,50.20
03/23/2023,50.79,180874,51.19,51.60,50.43
03/22/2023,50.88,47900,51.64,52.095,50.88
03/21/2023,51.61,41596,51.81,51.965,51.28
03/20/2023,51.29,69486,50.68,51.5198,50.68
03/17/2023,50.61,95762,51.08,51.24,50.3883
03/16/2023,51.62,27299,50.63,51.7122,50.62
03/15/2023,51.03,75052,51.24,51.24,50.3715
03/14/2023,51.95,62671,51.60,52.2752,51.38
03/13/2023,51.06,64868,50.57,51.5781,50.57
03/10/2023,51.14,142402,52.12,52.17,50.7649
03/09/2023,52.20,56597,52.86,53.1853,52.20
03/08/2023,52.87,30753,52.42,52.90,52.39
03/07/2023,52.41,74329,53.14,53.2102,52.37
03/06/2023,53.37,115355,53.89,54.05,53.2238
03/03/2023,53.76,30104,53.40,53.80,53.0699
03/02/2023,53.23,138375,52.58,53.36,52.31
03/01/2023,52.72,110932,52.76,53.09,52.55
02/28/2023,53.00,49050,52.92,53.4162,52.8223
02/27/2023,52.92,77996,53.25,53.7599,52.79
02/24/2023,52.91,43682,52.79,53.0464,52.46
02/23/2023,53.43,63189,53.69,53.76,52.97
02/22/2023,53.33,41672,53.41,53.74,53.18
02/21/2023,53.37,60094,54.17,54.17,53.2941
02/17/2023,54.73,119231,54.16,54.77,54.1001
02/16/2023,54.34,50089,54.22,54.73,54.0001
02/15/2023,54.85,100622,54.29,54.905,54.16
02/14/2023,54.50,74003,54.22,54.6599,53.87
02/13/2023,54.35,108176,53.80,54.35,53.80
02/10/2023,53.68,76906,53.35,53.74,53.30
02/09/2023,53.56,109512,54.55,54.75,53.42
02/08/2023,54.22,222432,54.64,54.72,54.10
02/07/2023,54.78,256594,54.39,54.8401,53.83
02/06/2023,54.39,825658,54.64,54.77,54.23
02/03/2023,55.05,65433,54.95,55.31,54.80
02/02/2023,55.50,318257,55.19,55.77,55.18
02/01/2023,55.18,339922,54.19,55.555,54.10
01/31/2023,54.37,247592,53.05,54.41,53.05
01/30/2023,52.73,64034,53.36,53.62,52.72
01/27/2023,53.51,135349,53.09,53.77,52.971
01/26/2023,53.38,67891,53.48,53.50,52.9307
01/25/2023,53.27,81250,52.94,53.29,52.6043
01/24/2023,53.36,64319,53.05,53.53,52.81
01/23/2023,53.20,74498,52.81,53.43,52.6853
01/20/2023,52.94,54860,52.10,52.94,51.8946
01/19/2023,52.10,97681,52.95,52.95,52.08
01/18/2023,53.14,52050,54.17,54.3001,53.06
01/17/2023,53.91,107540,54.28,54.60,53.86
01/13/2023,54.29,43727,53.65,54.39,53.65
01/12/2023,54.06,70621,54.12,54.2728,53.6875
01/11/2023,54.00,53408,53.25,54.00,53.25
01/10/2023,53.27,77997,52.32,53.27,52.26
01/09/2023,52.50,93895,52.52,53.23,52.35
01/06/2023,52.41,70704,51.96,52.51,51.53
01/05/2023,51.45,39222,51.94,52.06,51.3101
01/04/2023,52.27,119769,51.87,52.58,51.87
01/03/2023,51.53,124869,51.75,52.015,51.1701
12/30/2022,51.54,68668,51.79,51.86,51.095
12/29/2022,52.12,72258,51.42,52.27,51.4183
12/28/2022,51.16,65493,51.89,52.26,51.10
12/27/2022,51.79,55284,51.55,51.88,51.28
12/23/2022,51.57,63831,51.33,51.57,51.1324
12/22/2022,51.25,81544,51.37,51.37,50.40
12/21/2022,51.72,71324,51.14,51.825,51.04
12/20/2022,50.91,156787,50.62,51.11,50.52
12/19/2022,50.76,53449,51.21,51.48,50.59
12/16/2022,51.215,93734,51.42,51.6637,50.90
12/15/2022,52.02,98826,52.81,52.95,51.8846
12/14/2022,53.47,53987,53.70,54.2299,53.18
12/13/2022,53.80,78433,54.30,54.75,53.405
12/12/2022,53.19,35797,52.71,53.19,52.71
12/09/2022,52.63,40456,52.72,53.1224,52.62
12/08/2022,52.80,91437,52.82,53.0582,52.558
12/07/2022,52.56,67116,52.40,53.02,52.395
12/06/2022,52.45,69427,52.85,52.85,52.05
12/05/2022,52.74,124577,53.43,53.43,52.60
12/02/2022,53.66,53459,53.12,53.965,52.98
12/01/2022,53.76,83156,53.59,54.09,53.45
11/30/2022,53.36,63104,51.75,53.36,51.52
11/29/2022,51.73,60018,52.04,52.04,51.58
11/28/2022,52.08,189893,52.86,52.95,51.88
11/25/2022,53.35,15863,53.02,53.4199,53.02
11/23/2022,53.01,70982,52.84,53.19,52.80
11/22/2022,52.84,45821,52.62,52.87,52.375
11/21/2022,52.30,58412,52.19,52.58,52.10
11/18/2022,52.18,70156,52.00,52.33,51.79
11/17/2022,51.52,107370,51.62,51.64,50.87
11/16/2022,52.26,74744,52.59,52.74,52.11
11/15/2022,52.67,48078,52.73,52.94,52.18
11/14/2022,51.86,122246,52.31,52.625,51.86
11/11/2022,52.50,47324,52.29,52.92,52.24
11/10/2022,52.30,108759,50.55,52.38,50.55
11/09/2022,49.01,106089,49.35,49.8099,48.92
11/08/2022,49.78,73809,49.56,50.1422,49.245
11/07/2022,49.31,59550,49.04,49.37,48.70
11/04/2022,48.81,48045,48.85,48.9383,48.05
11/03/2022,48.12,86615,47.97,48.45,47.43
11/02/2022,48.69,36342,50.18,50.45,48.68
11/01/2022,50.21,62123,50.74,50.76,49.72
10/31/2022,50.41,150435,50.24,50.5944,50.01
10/28/2022,50.42,54610,49.55,50.49,49.55
10/27/2022,49.36,146837,49.24,49.82,49.14
10/26/2022,49.01,84022,48.87,49.57,48.81
10/25/2022,48.86,95533,47.78,48.97,47.78
10/24/2022,47.76,67378,47.38,47.932,47.1893
10/21/2022,47.03,154647,46.01,47.14,45.62
10/20/2022,45.93,129838,47.03,47.259,45.8537
10/19/2022,47.28,237583,47.55,47.62,46.76
10/18/2022,48.03,101169,48.20,48.44,47.59
10/17/2022,47.21,93521,46.48,47.36,46.48
10/14/2022,45.70,81756,47.08,47.29,45.65
10/13/2022,46.68,298851,45.08,46.95,44.72
10/12/2022,45.91,104728,46.60,46.70,45.87
10/11/2022,46.57,70278,46.43,47.08,46.1399
10/10/2022,46.57,45357,46.76,46.93,46.31
10/07/2022,46.70,85330,47.57,47.69,46.41
10/06/2022,48.03,47253,48.40,48.62,47.94
10/05/2022,48.54,69716,48.30,48.92,47.91
10/04/2022,48.86,80606,48.20,48.86,48.14
10/03/2022,47.44,92392,46.31,47.69,46.195
09/30/2022,45.75,73380,46.21,46.74,45.67
09/29/2022,46.12,107327,46.50,46.67,45.86
09/28/2022,46.99,186223,46.21,47.22,46.13
09/27/2022,45.85,108979,46.78,46.91,45.58
09/26/2022,46.37,79785,46.54,47.125,46.1863
09/23/2022,46.86,148775,46.92,47.0227,46.22
09/22/2022,47.37,140088,47.88,47.88,47.31
09/21/2022,47.99,61209,48.88,49.38,47.99
09/20/2022,48.57,75472,49.08,49.08,48.1879
09/19/2022,49.50,207265,48.43,49.50,48.43
09/16/2022,48.80,468871,48.98,49.09,48.46
09/15/2022,49.54,65864,50.21,50.49,49.4191
09/14/2022,50.29,65704,50.33,50.51,49.88
09/13/2022,50.26,166057,51.12,51.12,50.11
09/12/2022,52.10,85675,51.90,52.1688,51.735
09/09/2022,51.67,115103,51.43,51.77,51.32
09/08/2022,51.14,74888,50.425,51.18,50.30
09/07/2022,50.73,65271,49.42,50.7699,49.42
09/06/2022,49.44,118058,49.52,49.66,49.1627
09/02/2022,49.33,113742,50.31,50.4643,49.08
09/01/2022,49.80,134148,49.41,49.81,49.04
08/31/2022,49.68,95248,50.32,50.49,49.60
08/30/2022,50.15,98007,50.62,50.8979,49.961
08/29/2022,50.61,479991,50.45,50.93,50.35
08/26/2022,50.89,76053,52.87,52.87,50.86
08/25/2022,52.80,94739,52.51,52.80,52.20
08/24/2022,52.17,69067,51.99,52.25,51.88
08/23/2022,51.98,55847,52.18,52.267,51.72
08/22/2022,52.24,70425,52.80,52.8488,52.18
08/19/2022,53.37,57062,53.85,53.85,53.20
08/18/2022,54.22,69659,54.16,54.28,53.90
08/17/2022,54.07,140277,54.21,54.2595,53.80
08/16/2022,54.55,227331,54.41,54.725,54.211
08/15/2022,54.57,145154,54.03,54.67,53.82
08/12/2022,54.26,64471,53.50,54.26,53.40
08/11/2022,53.23,47839,53.50,53.9156,53.22
08/10/2022,53.25,75055,52.92,53.25,52.8098
08/09/2022,51.95,109948,52.53,52.53,51.8493
08/08/2022,52.55,101804,52.51,52.93,52.3978
08/05/2022,52.36,81785,52.19,52.36,51.66
08/04/2022,52.64,307745,52.35,52.69,52.16
08/03/2022,52.27,77457,51.89,52.3401,51.58
08/02/2022,51.63,61868,52.00,52.33,51.63
08/01/2022,52.05,112670,51.87,52.23,51.67
07/29/2022,52.17,124493,51.68,52.35,51.58
07/28/2022,51.62,94580,50.47,51.64,50.43
07/27/2022,50.27,102684,49.83,50.42,49.59
07/26/2022,49.60,130520,49.06,49.6999,49.0323
07/25/2022,49.38,80751,49.44,49.44,48.9952
07/22/2022,49.24,46982,49.38,49.58,48.9101
07/21/2022,49.23,58841,48.34,49.26,48.34
07/20/2022,48.10,71599,47.79,48.25,47.7497
07/19/2022,47.69,71614,46.52,47.75,46.52
07/18/2022,46.13,63810,47.07,47.07,45.97
07/15/2022,46.83,54556,46.36,46.9753,46.25
07/14/2022,45.82,82774,45.55,45.87,45.055
07/13/2022,46.10,148689,45.69,46.36,45.54
07/12/2022,46.34,103773,46.93,47.27,46.12
07/11/2022,47.01,47545,47.16,47.30,46.91
07/08/2022,47.32,80181,47.70,47.80,47.24
07/07/2022,47.87,67989,47.35,47.94,47.35
07/06/2022,47.18,53287,46.83,47.43,46.70
07/05/2022,46.77,88816,46.32,46.79,45.73
07/01/2022,46.95,53549,46.22,47.0264,46.185
06/30/2022,46.22,122410,45.54,46.44,45.285
06/29/2022,46.00,148772,45.97,46.0612,45.52
06/28/2022,45.92,105986,46.91,47.14,45.91
06/27/2022,46.76,33349,46.88,47.045,46.4816
06/24/2022,46.75,61834,45.71,46.75,45.65
06/23/2022,45.25,77669,44.47,45.3022,44.47
06/22/2022,44.37,72626,43.57,44.689,43.57
06/21/2022,44.04,139973,44.03,44.17,43.61
06/17/2022,43.51,107239,43.69,44.04,43.28
06/16/2022,43.41,115016,44.32,44.32,43.2201
06/15/2022,45.20,87582,45.21,45.7776,44.54
06/14/2022,44.80,88746,45.48,45.49,44.4218
06/13/2022,45.34,121132,46.06,46.26,45.16
06/10/2022,47.12,72595,47.74,47.74,47.00
06/09/2022,48.55,53738,49.10,49.3747,48.55
06/08/2022,49.30,76684,50.13,50.13,49.1482
06/07/2022,50.35,79079,49.51,50.41,49.51
06/06/2022,50.03,95947,50.35,50.47,49.96
06/03/2022,50.09,49494,50.05,50.30,49.88
06/02/2022,50.50,58487,49.16,50.53,49.11
06/01/2022,48.90,75879,49.35,49.43,48.41
05/31/2022,49.04,72265,49.33,49.33,48.5754
05/27/2022,49.52,58748,48.64,49.52,48.52
05/26/2022,48.33,108170,47.50,48.51,47.50
05/25/2022,47.51,72567,47.57,47.68,47.02
05/24/2022,47.66,89695,47.50,47.80,46.77
05/23/2022,47.75,63118,47.76,47.84,47.32
05/20/2022,47.31,161273,47.66,47.68,46.41
05/19/2022,47.25,156992,46.46,47.44,46.3015
05/18/2022,46.68,64628,47.735,47.80,46.5301
05/17/2022,48.15,62904,47.95,48.17,47.56
05/16/2022,47.28,51308,47.60,47.60,46.946
05/13/2022,47.70,68966,47.37,48.05,47.25
05/12/2022,46.90,137715,46.13,46.9661,46.0806
05/11/2022,46.46,107629,46.80,47.49,46.35
05/10/2022,46.90,131565,47.91,48.06,46.38
05/09/2022,47.34,117840,47.61,47.8401,47.14
05/06/2022,48.21,164894,48.32,48.43,47.52
05/05/2022,48.74,79740,50.12,50.21,48.30
05/04/2022,50.66,90961,48.80,50.75,48.7631
05/03/2022,48.73,154020,48.60,49.16,48.48
05/02/2022,48.59,236602,48.71,49.20,47.71
04/29/2022,48.75,179216,49.83,50.20,48.68
04/28/2022,50.21,89610,49.66,50.41,49.1607
04/27/2022,49.37,137720,49.45,49.9183,49.22
04/26/2022,49.30,156096,50.45,50.49,49.30
04/25/2022,50.72,123985,50.66,50.72,49.56
04/22/2022,50.83,126685,51.95,51.95,50.82
04/21/2022,52.05,80420,53.01,53.11,51.87
04/20/2022,52.60,79371,52.11,52.93,52.11
04/19/2022,51.77,95650,50.76,51.85,50.76
04/18/2022,50.73,92457,51.27,51.39,50.48
04/14/2022,51.38,72597,52.34,52.64,51.35
04/13/2022,52.30,93441,52.12,52.40,51.94
04/12/2022,52.08,104140,52.72,53.23,51.98
04/11/2022,52.44,70117,52.76,52.95,52.41
04/08/2022,53.00,134701,53.19,53.57,52.88
04/07/2022,53.20,99671,52.53,53.37,52.47
04/06/2022,52.60,146313,52.35,52.68,52.07
04/05/2022,52.92,122310,53.64,53.79,52.76
04/04/2022,53.64,82852,53.81,53.83,53.26
04/01/2022,53.725,74955,53.24,53.735,52.98
03/31/2022,53.02,71624,53.77,53.99,52.98
03/30/2022,53.87,92443,54.11,54.1699,53.69
03/29/2022,54.22,175780,53.51,54.28,53.51
03/28/2022,53.06,68239,53.02,53.06,52.57
03/25/2022,52.92,87838,52.90,52.9565,52.49
03/24/2022,52.74,80149,52.59,52.74,52.4735
03/23/2022,52.44,74782,53.02,53.14,52.44
03/22/2022,53.38,89702,53.36,53.65,53.20
03/21/2022,53.07,109439,53.31,53.3956,52.77
03/18/2022,53.37,95962,52.49,53.475,52.459
03/17/2022,52.65,60363,51.90,52.717,51.8156
03/16/2022,52.06,109627,51.59,52.155,51.00
03/15/2022,51.19,98205,50.39,51.22,50.38
03/14/2022,50.13,73973,50.09,50.85,49.91
03/11/2022,49.97,84794,50.84,51.06,49.93
03/10/2022,50.36,125154,50.36,50.48,49.83
03/09/2022,50.99,106905,50.48,51.23,50.48
03/08/2022,49.60,213812,50.30,50.64,49.57
03/07/2022,50.34,575202,51.63,51.81,50.2637
03/04/2022,51.71,127839,51.54,51.799,51.038
03/03/2022,51.99,93327,52.01,52.32,51.55
03/02/2022,51.77,122786,51.08,51.98,51.05
03/01/2022,50.76,84504,51.45,51.627,50.44
02/28/2022,51.36,103184,51.70,51.7199,50.84
02/25/2022,51.98,141380,50.97,52.01,50.75
02/24/2022,50.85,351466,48.75,50.945,48.6101
02/23/2022,49.95,177486,50.98,51.2499,49.8333
02/22/2022,50.77,152772,51.20,51.5289,50.59
02/18/2022,51.37,183314,51.42,51.77,51.15
02/17/2022,51.53,87756,51.80,51.97,51.33
02/16/2022,52.06,107267,51.90,52.27,51.49
02/15/2022,52.01,143060,51.806,52.49,51.77
02/14/2022,51.48,230268,51.22,51.7627,51.00
02/11/2022,51.25,184817,52.00,52.4001,50.9449
02/10/2022,52.04,98080,52.65,53.1801,51.77
02/09/2022,53.36,125362,53.00,53.43,53.00
02/08/2022,52.63,129748,52.06,52.79,51.8001
02/07/2022,51.99,125267,52.29,52.53,51.87
02/04/2022,52.27,122029,52.69,52.85,51.77
02/03/2022,52.74,235127,53.00,53.3125,52.64
02/02/2022,53.45,141523,53.30,53.5597,53.05
02/01/2022,53.18,188248,53.23,53.60,52.56
01/31/2022,52.97,256418,52.032,52.97,51.69
01/28/2022,51.95,155876,50.73,51.97,50.33
01/27/2022,50.86,216827,51.85,52.2799,50.7301
01/26/2022,51.44,246009,52.61,53.0495,50.97
01/25/2022,51.99,286293,52.70,52.70,51.55
01/24/2022,53.30,757513,52.40,53.43,51.41
01/21/2022,53.03,388016,53.30,53.8661,52.97
01/20/2022,53.64,155347,54.35,54.96,53.52
01/19/2022,54.16,214347,54.533,55.01,54.12
01/18/2022,54.48,315104,54.64,54.72,54.1514
01/14/2022,55.22,166994,55.97,55.97,54.68
01/13/2022,56.34,144115,57.25,57.37,56.21
01/12/2022,57.04,143655,57.36,57.49,56.9001
01/11/2022,57.06,159988,56.97,57.09,56.25
01/10/2022,56.80,237345,57.00,57.03,55.89
01/07/2022,57.30,197622,58.06,58.1299,57.28
01/06/2022,58.21,103468,58.52,58.75,58.15
01/05/2022,58.55,237485,59.74,59.99,58.51
01/04/2022,59.62,115152,59.8901,60.0892,59.58
01/03/2022,59.81,172445,61.07,61.07,59.29
12/31/2021,60.84,57410,60.62,61.109,60.4291
12/30/2021,60.56,71047,60.82,60.99,60.525
12/29/2021,60.71,107923,60.29,60.85,60.15
12/28/2021,60.29,56022,60.22,60.36,60.06
12/27/2021,60.12,107370,59.63,60.12,59.3993
12/23/2021,59.31,75729,59.28,59.5547,59.27
12/22/2021,59.04,85834,58.30,59.04,58.30
12/21/2021,58.32,100842,57.93,58.35,57.77
12/20/2021,57.37,231728,57.50,57.7499,56.62
12/17/2021,58.27,128067,58.99,59.06,58.12
12/16/2021,59.12,154016,59.48,59.70,58.81
12/15/2021,59.14,116254,58.37,59.22,58.25
12/14/2021,58.33,124791,58.97,59.07,57.99
12/13/2021,59.17,132189,59.23,59.46,58.97
12/10/2021,59.16,96747,59.46,59.5317,59.00
12/09/2021,59.14,97659,59.75,59.81,59.12
12/08/2021,59.84,142928,59.72,59.91,59.58
12/07/2021,59.58,131162,59.22,59.949,59.174
12/06/2021,58.70,191520,58.21,59.01,58.03
12/03/2021,57.73,164420,58.46,58.463,57.20
12/02/2021,58.16,183688,57.00,58.3299,56.96
12/01/2021,56.82,127148,57.91,58.72,56.79
11/30/2021,57.34,241472,58.80,59.07,57.27
11/29/2021,59.04,134280,58.94,59.33,58.57
11/26/2021,58.40,130119,58.87,59.36,58.2572
11/24/2021,59.59,127486,59.76,59.76,59.31
11/23/2021,59.87,157785,59.94,60.105,59.45
11/22/2021,60.11,201087,60.45,60.9485,60.08
11/19/2021,60.34,127069,59.82,60.53,59.81
11/18/2021,59.81,287450,59.87,59.903,59.4533
11/17/2021,59.65,88903,59.76,59.85,59.29
11/16/2021,59.68,119429,59.31,59.95,59.2685
11/15/2021,59.20,121960,59.76,59.779,59.10
11/12/2021,59.61,101789,59.42,59.6884,59.18
11/11/2021,59.19,83990,59.45,59.45,59.031
11/10/2021,59.21,358140,59.14,59.26,58.9301
11/09/2021,59.17,253692,59.17,59.22,58.92
11/08/2021,59.12,176975,58.92,59.12,58.61
11/05/2021,58.63,117203,58.43,58.80,58.231
11/04/2021,58.40,330061,57.85,58.47,57.69
11/03/2021,57.86,213375,58.18,58.20,57.2673
11/02/2021,58.31,227491,58.01,58.34,57.77
11/01/2021,57.96,677823,57.97,58.20,57.64
10/29/2021,57.95,126510,57.47,57.97,57.43
10/28/2021,57.60,145040,56.89,57.60,56.89
10/27/2021,56.65,131906,57.41,57.44,56.61
10/26/2021,57.42,129853,57.83,57.84,57.40
10/25/2021,57.66,182065,57.38,57.91,57.1215
10/22/2021,57.38,125556,57.26,57.64,57.25
10/21/2021,57.10,104304,56.93,57.10,56.55
10/20/2021,56.93,586026,56.53,57.0597,56.53
10/19/2021,56.59,123696,56.44,56.74,56.35
10/18/2021,56.24,197808,56.01,56.3622,55.66
10/15/2021,56.21,200669,56.41,56.53,56.20
10/14/2021,56.05,188074,55.50,56.09,55.38
10/13/2021,54.96,161325,54.82,55.18,54.555
10/12/2021,54.71,157911,54.93,55.09,54.58
10/11/2021,54.82,262655,55.41,55.5855,54.82
10/08/2021,55.41,146480,55.97,55.98,55.31
10/07/2021,55.87,130629,55.72,56.22,55.72
10/06/2021,55.27,181740,54.94,55.31,54.34
10/05/2021,55.29,352474,54.94,55.64,54.7007
10/04/2021,54.79,392748,54.98,55.266,54.35
10/01/2021,55.04,175529,54.90,55.40,54.27
09/30/2021,54.72,192469,56.11,56.19,54.703
09/29/2021,55.85,136188,55.55,56.08,55.45
09/28/2021,55.39,185604,56.40,56.55,55.35
09/27/2021,56.71,98149,57.12,57.12,56.635
09/24/2021,57.16,127549,57.00,57.279,56.97
09/23/2021,57.25,136160,56.99,57.5946,56.7707
09/22/2021,56.64,106177,56.58,56.95,56.385
09/21/2021,56.23,106063,56.67,56.68,56.2269
09/20/2021,56.43,232987,55.98,56.50,55.78
09/17/2021,56.72,177431,57.37,57.37,56.62
09/16/2021,57.32,201026,58.09,58.09,57.08
09/15/2021,57.94,466592,57.75,58.1399,57.3301
09/14/2021,57.81,122907,58.20,58.25,57.6269
09/13/2021,57.85,191544,58.89,58.89,57.57
09/10/2021,58.47,148595,59.18,59.2208,58.43
09/09/2021,58.85,171559,59.18,59.40,58.78
09/08/2021,59.21,255281,58.89,59.31,58.54
09/07/2021,58.87,232305,59.51,59.51,58.809
09/03/2021,59.44,201428,59.54,59.72,59.2634
09/02/2021,59.62,267106,59.10,59.62,59.0801
09/01/2021,58.98,153078,58.96,59.16,58.50
08/31/2021,58.86,231624,59.14,59.1414,58.6033
08/30/2021,59.05,299125,58.75,59.19,58.65
08/27/2021,58.55,220016,58.09,58.74,58.09
08/26/2021,58.07,481881,58.31,58.475,57.88
08/25/2021,58.40,202056,58.175,58.48,58.00
08/24/2021,58.06,165815,58.04,58.11,57.9038
08/23/2021,57.91,172873,58.00,58.13,57.81
08/20/2021,57.76,134934,57.49,57.80,57.27
08/19/2021,57.26,181358,56.77,57.38,56.63
08/18/2021,57.13,279879,57.68,57.8119,57.1103
08/17/2021,57.76,149076,58.16,58.16,57.30
08/16/2021,58.27,218038,58.05,58.27,57.58
08/13/2021,57.96,116337,57.97,57.99,57.77
08/12/2021,57.85,121237,57.87,57.89,57.61
08/11/2021,57.74,171910,57.68,57.75,57.40
08/10/2021,57.43,442080,57.37,57.709,57.15
08/09/2021,57.15,157340,57.41,57.42,57.031
08/06/2021,57.31,103821,57.52,57.5926,57.25
08/05/2021,57.20,136410,57.19,57.20,56.801
08/04/2021,57.40,213217,57.24,57.54,57.10
08/03/2021,57.46,171819,56.57,57.46,56.31
08/02/2021,56.57,290573,57.15,57.26,56.54
07/30/2021,56.76,125258,56.65,56.903,56.5001
07/29/2021,56.63,138398,56.15,56.719,56.15
07/28/2021,55.94,312312,55.92,56.13,55.50
07/27/2021,55.83,81356,55.76,55.919,55.25
07/26/2021,55.75,138806,55.95,55.989,55.4201
07/23/2021,55.82,329035,55.32,55.82,55.19
07/22/2021,55.08,154989,55.30,55.30,54.84
07/21/2021,55.11,166445,55.25,55.36,54.9783
07/20/2021,55.01,203454,54.07,55.24,54.01
07/19/2021,53.80,143024,54.02,54.1299,53.40
07/16/2021,54.58,102422,54.80,54.98,54.54
07/15/2021,54.67,160062,54.43,54.69,54.27
07/14/2021,54.54,83519,54.72,54.87,54.4201
07/13/2021,54.54,103800,55.00,55.00,54.54
07/12/2021,54.94,162435,54.60,54.96,54.54
07/09/2021,54.62,86028,54.20,54.66,54.18
07/08/2021,53.88,121213,53.95,54.21,53.6089
07/07/2021,54.53,96999,53.90,54.595,53.90
07/06/2021,54.07,88497,54.133,54.14,53.47
07/02/2021,54.04,90459,54.13,54.14,53.82
07/01/2021,54.00,81489,53.84,54.00,53.60
06/30/2021,53.52,88398,53.49,53.608,53.25
06/29/2021,53.49,97629,53.64,53.71,53.40
06/28/2021,53.50,132872,53.25,53.52,53.05
06/25/2021,53.16,131684,53.04,53.30,53.0263
06/24/2021,52.93,426967,52.97,52.97,52.50
06/23/2021,52.71,114617,52.96,53.01,52.63
06/22/2021,52.96,180088,52.83,53.079,52.55
06/21/2021,52.76,77094,51.92,52.76,51.9101
06/18/2021,51.69,102787,52.17,52.40,51.69
06/17/2021,52.71,83174,52.81,52.835,52.205
06/16/2021,52.81,65562,53.52,53.66,52.72
06/15/2021,53.50,83494,53.32,53.50,53.0001
06/14/2021,53.19,68299,53.31,53.31,52.8641
06/11/2021,53.22,48524,52.96,53.22,52.775
06/10/2021,52.82,38101,53.16,53.19,52.73
06/09/2021,52.87,54277,53.14,53.14,52.85
06/08/2021,53.06,66875,52.79,53.11,52.5601
06/07/2021,52.76,44821,52.97,53.02,52.62
06/04/2021,52.87,57805,52.73,52.90,52.67
06/03/2021,52.60,63250,52.73,52.7999,52.32
06/02/2021,52.91,328212,53.34,53.34,52.71
06/01/2021,53.18,54744,53.34,53.389,53.06
05/28/2021,53.08,44734,53.31,53.31,53.08
05/27/2021,53.10,82473,53.25,53.25,53.0084
05/26/2021,52.78,50656,52.78,52.88,52.52
05/25/2021,52.59,126503,52.65,52.89,52.53
05/24/2021,52.53,96183,52.49,52.68,52.3065
05/21/2021,52.25,93583,52.19,52.52,52.12
05/20/2021,51.89,59717,51.58,51.98,51.42
05/19/2021,51.39,120654,51.28,51.42,50.90
05/18/2021,51.74,57249,52.43,52.43,51.74
05/17/2021,52.46,81345,52.78,52.78,52.23
05/14/2021,52.80,78346,52.56,52.9699,52.52
05/13/2021,52.27,95442,51.13,52.50,51.13
05/12/2021,51.10,169280,52.77,52.77,51.02
05/11/2021,52.86,220403,52.64,52.9399,52.36
05/10/2021,53.34,230004,53.51,53.889,53.30
05/07/2021,53.32,177390,52.92,53.37,52.80
05/06/2021,52.92,93819,52.60,52.92,52.47
05/05/2021,52.56,125846,52.89,52.89,52.03
05/04/2021,52.63,79633,52.23,52.64,52.10
05/03/2021,52.38,86499,52.56,52.63,52.19
04/30/2021,52.18,101907,52.34,52.49,52.04
04/29/2021,52.56,109703,52.65,52.66,52.37
04/28/2021,52.32,79743,52.50,52.511,52.24
04/27/2021,52.40,69519,52.63,52.6499,52.2219
04/26/2021,52.54,151077,53.00,53.10,52.49
04/23/2021,52.75,177377,52.48,52.92,52.3512
04/22/2021,52.18,77398,52.06,52.67,52.06
04/21/2021,51.98,71277,51.44,52.06,51.36
04/20/2021,51.37,131369,51.57,51.639,51.165
04/19/2021,51.50,74226,51.92,51.92,51.32
04/16/2021,51.80,74332,51.72,51.885,51.58
04/15/2021,51.38,134479,51.16,51.4098,50.935
04/14/2021,50.88,73887,50.99,51.17,50.7901
04/13/2021,50.94,86334,51.17,51.17,50.7629
04/12/2021,51.10,79402,50.88,51.1299,50.76
04/09/2021,50.80,59878,50.42,50.81,50.40
04/08/2021,50.28,88823,50.14,50.36,50.04
04/07/2021,50.09,373183,50.80,50.80,49.98
04/06/2021,50.74,94045,50.66,51.01,50.50
04/05/2021,50.50,166627,50.28,50.55,50.21
04/01/2021,49.88,226410,49.77,49.93,49.475
03/31/2021,49.40,115274,49.33,49.70,49.16
03/30/2021,49.10,68760,49.07,49.21,48.91
03/29/2021,49.06,45301,49.22,49.39,48.82
03/26/2021,49.30,54043,48.50,49.32,48.48
03/25/2021,48.28,57792,47.60,48.375,47.26
03/24/2021,47.79,42261,47.99,48.58,47.79
03/23/2021,47.87,47570,48.12,48.43,47.72
03/22/2021,48.25,73015,48.36,48.38,47.93
03/19/2021,48.44,41873,48.70,48.72,48.11
03/18/2021,48.57,52909,48.67,49.105,48.50
03/17/2021,48.63,55610,48.80,48.81,48.4165
03/16/2021,48.74,49537,49.16,49.24,48.6601
03/15/2021,49.10,69732,48.76,49.10,48.35
03/12/2021,48.71,75747,48.63,48.78,48.50
03/11/2021,48.61,79221,48.55,48.85,48.38
03/10/2021,48.33,131391,48.21,48.49,47.94
03/09/2021,47.94,96708,48.10,48.41,47.9304
03/08/2021,47.84,52992,47.70,48.399,47.695
03/05/2021,47.62,102871,47.24,47.63,46.37
03/04/2021,46.81,91763,47.99,48.00,46.4262
03/03/2021,47.861,95135,48.73,48.73,47.861
03/02/2021,48.551,66168,48.94,49.16,48.2693
03/01/2021,49.07,55544,48.62,49.3462,48.62
02/26/2021,48.17,67916,48.79,48.81,48.17
02/25/2021,48.59,59352,49.25,49.26,48.36
02/24/2021,49.16,107561,48.74,49.416,48.64
02/23/2021,48.61,106070,48.34,48.79,48.1601
02/22/2021,48.47,85904,48.66,48.684,48.334
02/19/2021,48.80,76675,48.83,49.0999,48.74
02/18/2021,48.48,82362,48.56,48.62,48.21
02/17/2021,48.64,95885,48.95,48.95,48.45
02/16/2021,48.95,340458,49.43,49.64,48.95
02/12/2021,49.20,85040,49.25,49.3283,48.8801
02/11/2021,49.25,71568,49.48,49.68,48.85
02/10/2021,49.24,75066,49.65,49.68,49.06
02/09/2021,49.30,73581,49.39,49.45,49.02
02/08/2021,49.30,111978,48.83,49.35,48.83
02/05/2021,48.71,58780,48.67,49.00,48.6605
02/04/2021,48.42,86429,47.83,48.46,47.81
02/03/2021,47.59,89203,48.10,48.10,47.38
02/02/2021,48.00,89442,47.64,48.0916,47.30
02/01/2021,46.97,93675,46.49,47.109,46.38
01/29/2021,46.15,154063,46.99,46.99,46.05
01/28/2021,47.10,94743,46.81,47.90,46.81
01/27/2021,46.59,116437,47.22,47.22,46.16
01/26/2021,47.76,107222,48.61,48.61,47.76
01/25/2021,48.51,144487,48.77,49.13,48.26
01/22/2021,48.90,88893,48.16,48.95,48.15
01/21/2021,48.47,164619,48.90,48.92,48.22
01/20/2021,48.76,73304,48.76,48.91,48.54
01/19/2021,48.54,94562,48.69,48.845,48.4501
01/15/2021,48.26,150335,48.45,48.50,47.81
01/14/2021,48.70,145273,49.09,49.19,48.61
01/13/2021,48.90,248672,49.59,49.61,48.88
01/12/2021,49.43,105194,49.28,49.70,49.15
01/11/2021,49.20,111124,49.01,49.23,48.64
01/08/2021,49.08,128792,49.22,49.27,48.485
01/07/2021,49.10,145990,48.42,49.14,48.311
01/06/2021,48.36,93299,46.56,48.606,46.56
01/05/2021,46.34,63238,45.6402,46.461,45.6402
01/04/2021,45.75,174631,46.69,46.75,45.38
12/31/2020,46.45,50316,46.21,46.51,45.86
12/30/2020,46.05,47795,45.97,46.30,45.97
12/29/2020,45.87,46913,46.38,46.48,45.625
12/28/2020,46.18,65714,46.25,46.4499,46.033
12/24/2020,45.96,32960,45.91,45.99,45.63
12/23/2020,45.69,52088,45.875,45.9999,45.63
12/22/2020,45.52,62009,45.69,45.69,45.3861
12/21/2020,45.6031,138987,45.61,45.61,44.84
12/18/2020,45.904,69188,46.16,46.39,45.76
12/17/2020,46.0583,52451,45.81,46.07,45.7701
12/16/2020,45.57,66448,46.22,46.22,45.55
12/15/2020,46.02,87392,45.34,46.0615,45.2201
12/14/2020,45.02,57205,45.65,45.89,45.02
12/11/2020,45.36,72428,45.22,45.49,45.08
12/10/2020,45.38,66052,45.49,45.57,45.118
12/09/2020,45.52,80446,45.49,45.64,45.27
12/08/2020,45.33,49485,45.09,45.37,45.065
12/07/2020,45.17,81157,45.39,45.39,44.9481
12/04/2020,45.28,42539,44.89,45.30,44.89
12/03/2020,44.79,37754,44.96,45.22,44.69
12/02/2020,44.87,48054,44.93,44.969,44.61
12/01/2020,45.05,53545,45.21,45.35,44.96
11/30/2020,44.73,53229,45.02,45.02,44.476
11/27/2020,44.9408,60831,44.72,44.9699,44.69
11/25/2020,44.72,98024,45.20,45.22,44.658
11/24/2020,45.25,50473,44.87,45.46,44.815
11/23/2020,44.48,152343,44.38,44.64,44.3391
11/20/2020,44.20,36252,44.12,44.34,44.08
11/19/2020,44.16,39800,44.07,44.23,43.84
11/18/2020,44.11,53150,44.88,44.88,44.11
11/17/2020,44.71,61245,44.73,44.85,44.3471
11/16/2020,45.06,50695,44.91,45.06,44.54
11/13/2020,44.24,53688,43.76,44.275,43.76
11/12/2020,43.55,48613,44.08,44.17,43.20
11/11/2020,44.2025,45444,44.55,44.55,43.93
11/10/2020,44.29,89756,43.98,44.42,43.965
11/09/2020,43.7661,175597,43.10,45.50,43.10
11/06/2020,43.01,40003,42.62,43.165,42.62
11/05/2020,42.65,39618,42.36,43.07,42.36
11/04/2020,41.85,38617,42.52,42.57,41.85
11/03/2020,42.53,50986,42.21,42.70,42.21
11/02/2020,41.77,40508,41.23,41.8246,41.21
10/30/2020,40.77,48045,40.89,41.19,40.3791
10/29/2020,41.12,33725,40.97,41.46,40.69
10/28/2020,40.96,73981,41.52,41.52,40.91
10/27/2020,42.11,33415,42.44,42.44,41.98
10/26/2020,42.46,53826,42.80,42.80,42.1462
10/23/2020,43.11,35522,43.13,43.1545,42.79
10/22/2020,42.90,60995,42.44,42.96,42.44
10/21/2020,42.3379,43176,42.46,42.6999,42.30
10/20/2020,42.42,54959,42.40,42.83,42.33
10/19/2020,42.16,146107,42.76,43.00,42.03
10/16/2020,42.74,128429,42.71,43.07,42.71
10/15/2020,42.58,44375,42.11,42.68,41.81
10/14/2020,42.41,102976,42.43,42.7699,42.39
10/13/2020,42.43,72803,42.35,42.54,42.18
10/12/2020,42.61,94623,42.34,42.79,42.34
10/09/2020,42.07,54729,41.70,42.19,41.70
10/08/2020,41.6123,72340,41.53,41.6492,41.36
10/07/2020,41.30,40568,40.95,41.37,40.86
10/06/2020,40.64,33450,40.79,41.34,40.64
10/05/2020,40.7117,114283,40.2458,40.73,40.2458
10/02/2020,40.05,32493,39.27,40.2899,39.17
10/01/2020,39.82,25853,39.76,40.08,39.5501
09/30/2020,39.68,32498,39.36,40.06,39.36
09/29/2020,39.49,26738,39.62,39.6451,39.275
09/28/2020,39.41,27581,39.21,39.589,39.21
09/25/2020,38.81,35105,38.37,38.939,38.22
09/24/2020,38.4334,35247,38.11,38.735,37.91
09/23/2020,38.22,27061,39.02,39.08,38.22
09/22/2020,38.92,23509,38.63,38.98,38.51
09/21/2020,38.57,34727,38.87,38.87,38.11
09/18/2020,39.36,49817,40.05,40.05,39.31
09/17/2020,39.87,29735,39.48,40.08,39.48
09/16/2020,39.92,35140,39.98,40.2741,39.8883
09/15/2020,39.78,25327,39.73,39.95,39.73
09/14/2020,39.58,33329,39.43,39.7949,39.37
09/11/2020,39.13,28176,39.03,39.37,38.95
09/10/2020,38.88,23968,39.39,39.395,38.87
09/09/2020,39.29,26759,38.92,39.58,38.92
09/08/2020,38.61,62818,39.06,39.196,38.42
09/04/2020,39.46,48351,39.83,40.00,39.1101
09/03/2020,39.66,49650,40.74,40.76,39.37
09/02/2020,40.74,35123,40.00,40.845,40.00
09/01/2020,40.00,22004,39.56,40.00,39.498
08/31/2020,39.56,77056,39.96,40.0133,39.56
08/28/2020,39.9437,46673,39.84,39.97,39.51
08/27/2020,39.75,72329,39.94,39.955,39.60
08/26/2020,39.85,61198,40.10,40.10,39.774
08/25/2020,40.06,21729,40.16,40.165,39.95
08/24/2020,40.05,161121,40.00,40.15,39.89
08/21/2020,39.83,43515,39.74,39.88,39.5927
08/20/2020,39.91,23000,39.80,39.96,39.61
08/19/2020,40.07,55861,40.26,40.399,40.00
08/18/2020,40.27,43327,40.39,40.39,40.1752
08/17/2020,40.32,41772,40.47,40.65,40.26
08/14/2020,40.48,22264,40.48,40.64,40.39
08/13/2020,40.65,48293,40.60,40.75,40.44
08/12/2020,40.80,61347,40.55,40.96,40.4747
08/11/2020,40.23,23401,40.54,40.685,40.184
08/10/2020,40.42,44781,40.32,40.5207,40.23
08/07/2020,40.2297,40579,39.49,40.25,39.49
08/06/2020,39.64,53749,39.47,39.68,39.35
08/05/2020,39.47,38185,39.41,39.51,39.22
08/04/2020,39.12,24915,39.13,39.15,38.84
08/03/2020,39.22,35309,39.02,39.335,38.93
07/31/2020,38.93,67707,39.16,39.16,38.43
07/30/2020,39.1409,30247,39.32,39.3806,38.955
07/29/2020,39.75,83099,39.36,39.8299,39.36
07/28/2020,39.27,46659,39.61,39.71,39.25
07/27/2020,39.77,56158,39.50,39.79,39.38
07/24/2020,39.3284,50124,39.64,39.6937,39.19
07/23/2020,39.75,44528,39.65,40.0746,39.60
07/22/2020,39.50,36607,39.05,39.535,39.05
07/21/2020,39.16,30464,38.91,39.36,38.91
07/20/2020,38.91,41714,38.95,39.01,38.75
07/17/2020,38.98,87135,38.84,39.08,38.709
07/16/2020,38.60,65764,38.33,38.86,38.33
07/15/2020,38.49,93512,37.96,38.64,37.96
07/14/2020,37.40,53361,36.45,37.40,36.45
07/13/2020,36.51,44557,36.79,37.215,36.50
07/10/2020,36.59,30843,36.16,36.59,36.06
07/09/2020,36.24,52559,36.44,36.6241,35.7855
07/08/2020,36.35,56418,36.51,36.59,36.0601
07/07/2020,36.39,31559,36.60,36.815,36.36
07/06/2020,36.79,68939,37.06,37.199,36.66
07/02/2020,36.55,46456,36.70,36.92,36.47
07/01/2020,36.19,24280,36.36,36.515,36.0919
06/30/2020,36.34,50426,35.67,36.39,35.56
06/29/2020,35.59,79006,35.18,35.67,35.00
06/26/2020,34.81,51795,35.15,35.30,34.79
06/25/2020,35.2335,58212,35.05,35.28,34.60
06/24/2020,35.20,79302,35.89,35.89,34.99
06/23/2020,36.2058,75485,36.74,36.74,36.17
06/22/2020,36.33,403754,36.20,36.36,35.8238
06/19/2020,36.3731,83069,37.16,37.31,36.34
06/18/2020,36.73,21898,36.48,37.02,36.48
06/17/2020,36.7933,33930,37.21,37.21,36.6943
06/16/2020,36.91,34747,37.39,37.6599,36.62
06/15/2020,36.29,41284,35.15,36.6699,34.99
06/12/2020,35.89,33395,36.50,36.6273,35.15
06/11/2020,35.53,114413,36.80,36.80,35.50
06/10/2020,37.76,37218,38.25,38.27,37.7357
06/09/2020,38.27,51987,38.52,38.58,38.20
06/08/2020,38.90,74323,39.11,39.28,38.84
06/05/2020,38.93,58653,38.75,39.3998,38.75
06/04/2020,38.00,56104,37.71,38.00,37.59
06/03/2020,38.00,42774,37.55,38.08,37.54
06/02/2020,37.09,34028,36.71,37.09,36.60
06/01/2020,36.62,52245,36.75,36.79,36.5868
05/29/2020,36.74,32146,36.21,36.77,36.14
05/28/2020,36.41,65126,36.61,36.87,36.29
05/27/2020,36.47,291233,35.95,36.47,35.73
05/26/2020,35.47,49507,35.4179,35.79,35.33
05/22/2020,34.5597,136303,34.39,34.56,34.30
05/21/2020,34.46,60098,34.46,34.64,34.27
05/20/2020,34.4343,85481,34.24,34.71,34.24
05/19/2020,33.87,71906,34.42,34.62,33.87
05/18/2020,34.62,54607,33.87,34.85,33.67
05/15/2020,33.00,39372,32.63,33.02,32.51
05/14/2020,32.78,113833,32.01,32.79,31.43
05/13/2020,32.44,90421,32.81,32.90,32.101
05/12/2020,32.99,76794,34.17,34.24,32.99
05/11/2020,34.07,68953,33.98,34.243,33.65
05/08/2020,34.14,34967,34.02,34.24,34.00
05/07/2020,33.66,44177,33.80,33.9599,33.6326
05/06/2020,33.5104,29506,34.01,34.09,33.5104
05/05/2020,33.76,188758,33.95,34.22,33.72
05/04/2020,33.67,34695,33.21,33.715,33.094
05/01/2020,33.52,52698,34.00,34.00,33.43
04/30/2020,34.48,71335,35.26,35.26,34.3572
04/29/2020,35.61,89303,35.56,35.87,35.15
04/28/2020,34.94,44086,34.73,35.33,34.66
04/27/2020,34.45,52969,33.61,34.5699,33.52
04/24/2020,33.48,58985,33.34,33.70,33.05
04/23/2020,33.23,96728,33.29,33.74,33.20
04/22/2020,33.09,56146,33.04,33.34,32.71
04/21/2020,32.44,73174,32.61,32.82,32.26
04/20/2020,33.32,70791,33.70,33.87,33.16
04/17/2020,34.16,85661,33.79,34.28,33.7077
04/16/2020,33.06,41814,33.11,33.1621,32.54
04/15/2020,33.00,52111,33.38,33.4284,32.88
04/14/2020,34.12,127070,33.74,34.33,33.59
04/13/2020,33.20,79398,33.98,33.98,32.80
04/09/2020,34.11,139350,33.60,34.26,33.60
04/08/2020,33.10,49790,32.00,33.2923,31.814
04/07/2020,31.85,147380,32.79,33.04,31.79
04/06/2020,31.9419,81761,30.94,32.0746,30.94
04/03/2020,29.80,86209,30.44,30.67,29.48
04/02/2020,30.39,86350,29.20,30.51,29.20
04/01/2020,29.33,80040,30.10,30.18,29.10
03/31/2020,31.33,55142,31.75,31.75,31.1499
03/30/2020,31.87,71722,31.16,31.98,31.05
03/27/2020,30.97,144617,30.60,31.78,30.2054
03/26/2020,31.595,66459,29.99,31.74,29.98
03/25/2020,29.64,86918,29.34,30.65,28.73
03/24/2020,29.20,429322,27.99,29.2783,27.8901
03/23/2020,26.72,185514,28.20,28.20,26.19
03/20/2020,28.27,109823,30.49,30.49,28.0814
03/19/2020,30.21,131285,29.82,30.8099,29.0101
03/18/2020,30.16,147361,30.07,31.0562,28.7843
03/17/2020,32.12,134771,30.18,32.1401,29.72
03/16/2020,29.51,195417,29.83,31.4729,29.51
03/13/2020,33.22,200308,32.39,33.34,30.60
03/12/2020,30.69,462761,31.92,32.85,29.20
03/11/2020,34.11,302210,35.06,35.159,33.665
03/10/2020,35.99,140438,35.81,35.99,34.4001
03/09/2020,34.77,199721,34.39,35.46,33.45
03/06/2020,36.96,110695,36.14,37.1054,36.00
03/05/2020,37.22,189154,37.52,37.8033,36.86
03/04/2020,38.41,89307,37.14,38.46,37.1108
03/03/2020,36.67,278834,37.21,38.01,36.48
03/02/2020,37.21,130059,35.92,37.21,35.59
02/28/2020,35.72,220515,35.62,36.00,35.0201
02/27/2020,36.67,163033,37.68,38.18,36.67
02/26/2020,38.16,152513,38.54,39.00,38.16
02/25/2020,38.435,141552,39.78,39.83,38.35
02/24/2020,39.67,113949,39.73,39.8968,39.51
02/21/2020,40.75,43910,40.53,40.82,40.508
02/20/2020,40.75,121448,40.97,41.00,40.49
02/19/2020,41.06,117316,41.15,41.2253,41.03
02/18/2020,41.04,115634,41.14,41.14,40.89
02/14/2020,41.11,99337,41.07,41.17,40.94
02/13/2020,40.96,98962,40.94,41.02,40.704
02/12/2020,40.94,87656,40.85,40.99,40.65
02/11/2020,40.645,57100,40.57,40.84,40.4879
02/10/2020,40.39,58718,40.16,40.39,39.98
02/07/2020,40.09,61169,40.29,40.29,40.05
02/06/2020,40.39,62555,40.51,40.51,40.1834
02/05/2020,40.41,81016,40.29,40.41,40.09
02/04/2020,39.94,86335,39.89,40.12,39.8525
02/03/2020,39.55,80308,39.41,39.70,39.3197
01/31/2020,39.17,70915,39.88,39.88,39.05
01/30/2020,40.066,42996,39.70,40.07,39.5664
01/29/2020,39.9701,37462,39.97,40.13,39.9437
01/28/2020,39.92,133796,39.69,40.01,39.6075
01/27/2020,39.51,68933,39.46,39.64,39.4021
01/24/2020,39.96,65026,40.35,40.35,39.80
01/23/2020,40.22,52780,40.05,40.23,39.85
01/22/2020,40.09,67525,40.30,40.3416,40.0358
01/21/2020,40.08,136127,39.95,40.12,39.85
01/17/2020,40.00,79507,39.82,40.00,39.81
01/16/2020,39.7123,104683,39.47,39.7167,39.41
01/15/2020,39.29,80685,39.14,39.39,39.12
01/14/2020,39.12,80851,39.15,39.27,39.00
01/13/2020,39.12,80904,38.85,39.12,38.79
01/10/2020,38.65,69805,38.79,38.84,38.5898
01/09/2020,38.71,59242,38.57,38.78,38.54
01/08/2020,38.37,90479,38.31,38.5736,38.12
01/07/2020,38.36,102534,38.37,38.425,38.1933
01/06/2020,38.42,66376,38.40,38.49,38.29
01/03/2020,38.63,73855,38.34,38.65,38.33
01/02/2020,38.68,124449,38.82,38.829,38.37
12/31/2019,38.63,31270,38.71,38.83,38.5919
12/30/2019,38.70,49321,38.74,38.76,38.5727
12/27/2019,38.72,20698,38.78,38.80,38.615
12/26/2019,38.63,33874,38.61,38.70,38.45
12/24/2019,38.55,23351,38.60,38.60,38.4877
12/23/2019,38.62,74496,38.69,38.69,38.52
12/20/2019,38.60,72218,38.38,38.61,38.38
12/19/2019,38.2938,51152,38.20,38.35,38.16
12/18/2019,38.18,79375,38.37,38.37,37.9526
12/17/2019,38.33,234159,38.30,38.35,38.13
12/16/2019,38.23,424985,38.24,38.35,38.16
12/13/2019,38.0143,32234,38.11,38.26,37.9641
