,Close,Volume,Open,High,Low
2019-12-18,28.9787,27351.0,29.09,29.09,28.94
2019-12-19,29.16,18240.0,28.97,29.17,28.97
2019-12-20,29.42,38043.0,29.37,29.44,29.26
2019-12-21,29.42,38043.0,29.37,29.44,29.26
2019-12-22,29.42,38043.0,29.37,29.44,29.26
2019-12-23,29.51,62534.0,29.59,29.6553,29.42
2019-12-24,29.4322,8045.0,29.52,29.52,29.38
2019-12-25,29.4322,8045.0,29.52,29.52,29.38
2019-12-26,29.5264,27100.0,29.57,29.66,29.44
2019-12-27,29.4761,43437.0,29.72,29.72,29.43
2019-12-28,29.4761,43437.0,29.72,29.72,29.43
2019-12-29,29.4761,43437.0,29.72,29.72,29.43
2019-12-30,29.3489,22715.0,29.4,29.4839,29.24
2019-12-31,29.3908,22370.0,29.26,29.45,29.26
2020-01-01,29.3908,22370.0,29.26,29.45,29.26
2020-01-02,29.93,35663.0,29.74,29.93,29.7
2020-01-03,29.7,21344.0,29.63,29.8299,29.57
2020-01-04,29.7,21344.0,29.63,29.8299,29.57
2020-01-05,29.7,21344.0,29.63,29.8299,29.57
2020-01-06,29.5593,55727.0,29.54,29.59,29.38
2020-01-07,29.79,54289.0,29.66,29.88,29.61
2020-01-08,30.0554,39320.0,29.89,30.18,29.85
2020-01-09,30.32,59493.0,30.39,30.4954,30.12
2020-01-10,30.2185,36802.0,30.46,30.5,30.17
2020-01-11,30.2185,36802.0,30.46,30.5,30.17
2020-01-12,30.2185,36802.0,30.46,30.5,30.17
2020-01-13,30.5682,24610.0,30.32,30.57,30.31
2020-01-14,30.5792,29138.0,30.56,30.7,30.41
2020-01-15,30.3431,30323.0,30.5,30.5,30.29
2020-01-16,30.74,10816.0,30.5,30.74,30.5
2020-01-17,30.8692,28626.0,30.86,30.87,30.7
2020-01-18,30.8692,28626.0,30.86,30.87,30.7
2020-01-19,30.8692,28626.0,30.86,30.87,30.7
2020-01-20,30.8692,28626.0,30.86,30.87,30.7
2020-01-21,30.7443,53419.0,30.78,30.8639,30.71
2020-01-22,30.8832,11773.0,30.89,31.09,30.86
2020-01-23,31.0653,11719.0,31.0,31.07,30.79
2020-01-24,30.7417,32186.0,31.34,31.34,30.61
2020-01-25,30.7417,32186.0,31.34,31.34,30.61
2020-01-26,30.7417,32186.0,31.34,31.34,30.61
2020-01-27,29.7861,52983.0,30.08,30.08,29.75
2020-01-28,30.3,45110.0,29.96,30.34,29.93
2020-01-29,29.97,17728.0,30.32,30.3344,29.97
2020-01-30,29.8128,24988.0,29.67,29.845,29.48
2020-01-31,29.1026,30758.0,29.76,29.76,29.01
2020-02-01,29.1026,30758.0,29.76,29.76,29.01
2020-02-02,29.1026,30758.0,29.76,29.76,29.01
2020-02-03,29.3654,11336.0,29.14,29.4875,29.14
2020-02-04,30.15,18014.0,29.87,30.16,29.87
2020-02-05,30.317,12269.0,30.51,30.51,30.13
2020-02-06,30.48,13780.0,30.49,30.4975,30.29
2020-02-07,30.1541,11330.0,30.41,30.41,30.14
2020-02-08,30.1541,11330.0,30.41,30.41,30.14
2020-02-09,30.1541,11330.0,30.41,30.41,30.14
2020-02-10,30.5683,20762.0,30.25,30.5683,30.21
2020-02-11,30.9495,13245.0,30.78,31.1,30.78
2020-02-12,31.3852,12544.0,31.07,31.41,31.07
2020-02-13,31.3845,29681.0,31.38,31.51,31.19
2020-02-14,31.2765,14502.0,31.41,31.44,31.2
2020-02-15,31.2765,14502.0,31.41,31.44,31.2
2020-02-16,31.2765,14502.0,31.41,31.44,31.2
2020-02-17,31.2765,14502.0,31.41,31.44,31.2
2020-02-18,30.8671,39333.0,31.25,31.25,30.73
2020-02-19,31.26,29359.0,31.08,31.345,31.08
2020-02-20,30.9527,18605.0,31.21,31.21,30.64
2020-02-21,30.3375,32756.0,30.78,30.78,30.15
2020-02-22,30.3375,32756.0,30.78,30.78,30.15
2020-02-23,30.3375,32756.0,30.78,30.78,30.15
2020-02-24,29.1249,38500.0,29.25,29.37,28.85
2020-02-25,28.3687,96673.0,29.31,29.32,28.11
2020-02-26,28.43,49509.0,28.66,28.99,28.33
2020-02-27,27.2792,45654.0,27.67,27.996,27.14
2020-02-28,27.23,42641.0,26.47,27.23,26.23
2020-02-29,27.23,42641.0,26.47,27.23,26.23
2020-03-01,27.23,42641.0,26.47,27.23,26.23
2020-03-02,28.06,49826.0,27.51,28.1,27.0
2020-03-03,27.41,19887.0,28.13,28.45,27.23
2020-03-04,28.49,15993.0,27.88,28.49,27.71
2020-03-05,27.52,11926.0,27.67,28.113,27.4
2020-03-06,26.96,25109.0,26.84,27.1199,26.47
2020-03-07,26.96,25109.0,26.84,27.1199,26.47
2020-03-08,26.96,25109.0,26.84,27.1199,26.47
2020-03-09,24.9357,58539.0,26.0,26.3571,24.86
2020-03-10,26.0765,15925.0,25.68,26.0765,25.0
2020-03-11,24.71,12911.0,25.26,25.41,24.45
2020-03-12,22.26,30397.0,23.0,23.0324,21.96
2020-03-13,23.85,24108.0,24.02,24.02,22.29
2020-03-14,23.85,24108.0,24.02,24.02,22.29
2020-03-15,23.85,24108.0,24.02,24.02,22.29
2020-03-16,20.9996,76021.0,21.55,22.47,21.0
2020-03-17,22.03,18957.0,21.25,22.15,20.68
2020-03-18,20.25,28617.0,20.62,21.2024,19.7
2020-03-19,20.855,19713.0,20.13,21.18,20.0
2020-03-20,20.6032,7033.0,21.14,21.55,20.6
2020-03-21,20.6032,7033.0,21.14,21.55,20.6
2020-03-22,20.6032,7033.0,21.14,21.55,20.6
2020-03-23,20.68,23524.0,20.59,20.94,20.12
2020-03-24,22.7322,75307.0,21.98,22.7322,21.98
2020-03-25,23.04,18004.0,22.99,23.84,22.45
2020-03-26,24.3,23762.0,23.34,24.32,23.31
2020-03-27,23.3326,9243.0,23.55,23.87,23.33
2020-03-28,23.3326,9243.0,23.55,23.87,23.33
2020-03-29,23.3326,9243.0,23.55,23.87,23.33
2020-03-30,23.82,72770.0,23.5,23.83,23.31
2020-03-31,23.547,10673.0,23.59,24.0888,23.48
2020-04-01,22.59,7039.0,22.78,23.14,22.51
2020-04-02,22.87,10064.0,22.39,22.9501,22.27
2020-04-03,22.4353,10983.0,22.81,22.89,22.28
2020-04-04,22.4353,10983.0,22.81,22.89,22.28
2020-04-05,22.4353,10983.0,22.81,22.89,22.28
2020-04-06,24.21,14784.0,23.33,24.32,23.33
2020-04-07,24.34,17254.0,25.01,25.11,24.34
2020-04-08,25.0,7223.0,24.45,25.11,24.44
2020-04-09,25.06,12852.0,25.34,25.7,24.94
2020-04-10,25.06,12852.0,25.34,25.7,24.94
2020-04-11,25.06,12852.0,25.34,25.7,24.94
2020-04-12,25.06,12852.0,25.34,25.7,24.94
2020-04-13,25.09,15407.0,24.95,25.09,24.72
2020-04-14,26.02,7084.0,25.69,26.02,25.69
2020-04-15,25.3012,7065.0,25.36,25.46,25.15
2020-04-16,25.6091,12775.0,25.35,25.68,25.33
2020-04-17,26.09,14190.0,26.17,26.17,25.88
2020-04-18,26.09,14190.0,26.17,26.17,25.88
2020-04-19,26.09,14190.0,26.17,26.17,25.88
2020-04-20,25.7557,12173.0,25.7,26.1228,25.7
2020-04-21,24.7438,5548.0,25.34,25.34,24.68
2020-04-22,25.5911,8885.0,25.26,25.6,25.26
2020-04-23,25.4064,12243.0,25.61,25.81,25.41
2020-04-24,25.7784,3247.0,25.53,25.7784,25.33
2020-04-25,25.7784,3247.0,25.53,25.7784,25.33
2020-04-26,25.7784,3247.0,25.53,25.7784,25.33
2020-04-27,26.3487,13684.0,26.06,26.41,26.06
2020-04-28,26.4516,8342.0,26.74,26.9,26.45
2020-04-29,27.64,13398.0,26.93,27.775,26.93
2020-04-30,26.8993,14437.0,27.45,27.45,26.88
2020-05-01,25.6967,18967.0,26.2625,26.2625,25.58
2020-05-02,25.6967,18967.0,26.2625,26.2625,25.58
2020-05-03,25.6967,18967.0,26.2625,26.2625,25.58
2020-05-04,25.8284,5756.0,25.5,25.8284,25.43
2020-05-05,26.0914,8377.0,26.09,26.42,26.09
2020-05-06,26.2512,6085.0,26.22,26.48,26.22
2020-05-07,26.7303,4428.0,26.8,26.84,26.55
2020-05-08,27.39,10507.0,27.1,27.42,27.03
2020-05-09,27.39,10507.0,27.1,27.42,27.03
2020-05-10,27.39,10507.0,27.1,27.42,27.03
2020-05-11,27.38,10034.0,27.22,27.48,27.17
2020-05-12,26.86,4108.0,27.49,27.505,26.86
2020-05-13,26.2212,22293.0,26.87,26.87,25.94
2020-05-14,26.5139,4682.0,25.86,26.5139,25.58
2020-05-15,26.3456,9205.0,26.34,26.41,26.04
2020-05-16,26.3456,9205.0,26.34,26.41,26.04
2020-05-17,26.3456,9205.0,26.34,26.41,26.04
2020-05-18,27.4264,10712.0,27.04,27.4264,27.04
2020-05-19,27.3418,6999.0,27.34,27.75,27.34
2020-05-20,28.0866,9485.0,27.72,28.225,27.72
2020-05-21,27.81,12015.0,28.08,28.14,27.68
2020-05-22,27.9533,4522.0,27.71,27.9533,27.71
2020-05-23,27.9533,4522.0,27.71,27.9533,27.71
2020-05-24,27.9533,4522.0,27.71,27.9533,27.71
2020-05-25,27.9533,4522.0,27.71,27.9533,27.71
2020-05-26,28.4097,14245.0,28.68,28.787,28.41
2020-05-27,28.7143,9147.0,28.64,28.7143,27.95
2020-05-28,28.2975,10878.0,28.97,28.97,28.3
2020-05-29,28.75,6057.0,28.17,28.75,28.17
2020-05-30,28.75,6057.0,28.17,28.75,28.17
2020-05-31,28.75,6057.0,28.17,28.75,28.17
2020-06-01,29.1007,8952.0,28.72,29.21,28.72
2020-06-02,29.5,9839.0,29.41,29.5,29.07
2020-06-03,30.3608,16316.0,29.89,30.44,29.89
2020-06-04,30.2372,10644.0,30.13,30.45,30.1
2020-06-05,30.7786,17634.0,30.68,31.02,30.68
2020-06-06,30.7786,17634.0,30.68,31.02,30.68
2020-06-07,30.7786,17634.0,30.68,31.02,30.68
2020-06-08,31.0818,22698.0,30.88,31.0818,30.7
2020-06-09,31.0097,11906.0,31.01,31.13,30.67
2020-06-10,30.989,11449.0,31.48,31.48,30.9
2020-06-11,29.02,19585.0,30.01,30.05,29.01
2020-06-12,29.4924,7186.0,29.84,29.99,29.01
2020-06-13,29.4924,7186.0,29.84,29.99,29.01
2020-06-14,29.4924,7186.0,29.84,29.99,29.01
2020-06-15,29.95,10476.0,28.87,29.99,28.87
2020-06-16,30.42,8840.0,30.62,30.77,30.24
2020-06-17,30.5791,7644.0,30.64,30.7786,30.55
2020-06-18,30.46,3700.0,30.44,30.61,30.44
2020-06-19,30.5609,5406.0,31.01,31.01,30.56
2020-06-20,30.5609,5406.0,31.01,31.01,30.56
2020-06-21,30.5609,5406.0,31.01,31.01,30.56
2020-06-22,30.8091,6890.0,30.56,30.8091,30.4
2020-06-23,30.8744,13646.0,31.02,31.11,30.87
2020-06-24,30.2458,10680.0,30.76,30.8,30.07
2020-06-25,30.6268,9347.0,30.16,30.6268,30.0
2020-06-26,30.1046,8302.0,30.61,30.63,30.1
2020-06-27,30.1046,8302.0,30.61,30.63,30.1
2020-06-28,30.1046,8302.0,30.61,30.63,30.1
2020-06-29,30.358,7763.0,30.31,30.3867,29.93
2020-06-30,30.8596,13802.0,30.49,30.86,30.49
2020-07-01,30.7064,8304.0,30.85,30.85,30.71
2020-07-02,30.9545,16284.0,31.0,31.23,30.95
2020-07-03,30.9545,16284.0,31.0,31.23,30.95
2020-07-04,30.9545,16284.0,31.0,31.23,30.95
2020-07-05,30.9545,16284.0,31.0,31.23,30.95
2020-07-06,31.6881,9420.0,31.52,31.74,31.52
2020-07-07,31.21,23313.0,31.63,31.72,31.21
2020-07-08,31.6686,6093.0,31.4,31.6686,31.34
2020-07-09,31.7396,5822.0,31.72,31.7999,31.37
2020-07-10,31.7027,9506.0,31.74,31.74,31.53
2020-07-11,31.7027,9506.0,31.74,31.74,31.53
2020-07-12,31.7027,9506.0,31.74,31.74,31.53
2020-07-13,31.2,21310.0,31.97,32.155,31.2
2020-07-14,31.6012,10438.0,31.01,31.61,30.83
2020-07-15,31.86,11343.0,31.88,31.9399,31.58
2020-07-16,31.5424,21122.0,31.52,31.57,31.43
2020-07-17,31.84,4246.0,31.7699,31.84,31.64
2020-07-18,31.84,4246.0,31.7699,31.84,31.64
2020-07-19,31.84,4246.0,31.7699,31.84,31.64
2020-07-20,32.4479,7430.0,31.91,32.4479,31.89
2020-07-21,32.4279,5956.0,32.72,32.76,32.43
2020-07-22,32.6526,6003.0,32.51,32.7,32.5
2020-07-23,32.2871,12646.0,32.7,32.88,32.1
2020-07-24,31.93,5799.0,31.7,32.09,31.7
2020-07-25,31.93,5799.0,31.7,32.09,31.7
2020-07-26,31.93,5799.0,31.7,32.09,31.7
2020-07-27,32.5966,5132.0,32.15,32.5966,32.15
2020-07-28,32.1501,6468.0,32.44,32.44,32.15
2020-07-29,32.515,6672.0,32.28,32.629,32.28
2020-07-30,32.7727,7752.0,32.28,32.8,32.18
2020-07-31,32.696,10559.0,33.0,33.0,32.29
2020-08-01,32.696,10559.0,33.0,33.0,32.29
2020-08-02,32.696,10559.0,33.0,33.0,32.29
2020-08-03,33.3282,15469.0,32.93,33.3282,32.93
2020-08-04,33.581,33413.0,33.26,33.581,33.26
2020-08-05,33.7981,7669.0,33.72,33.825,33.67
2020-08-06,33.86,11695.0,33.73,33.87,33.61
2020-08-07,33.53,14923.0,33.64,33.75,33.21
2020-08-08,33.53,14923.0,33.64,33.75,33.21
2020-08-09,33.53,14923.0,33.64,33.75,33.21
2020-08-10,33.4743,8157.0,33.57,33.57,33.24
2020-08-11,33.2489,7195.0,33.63,33.805,33.24
2020-08-12,33.89,4995.0,33.55,33.9263,33.55
2020-08-13,33.7658,7711.0,33.83,33.938,33.74
2020-08-14,33.6953,5604.0,33.74,33.8056,33.65
2020-08-15,33.6953,5604.0,33.74,33.8056,33.65
2020-08-16,33.6953,5604.0,33.74,33.8056,33.65
2020-08-17,33.9876,7250.0,33.82,34.05,33.82
2020-08-18,33.7961,4602.0,34.1,34.1,33.8
2020-08-19,33.5539,6899.0,33.84,33.849,33.52
2020-08-20,33.35,20138.0,33.17,33.39,33.0
2020-08-21,33.3577,6074.0,33.29,33.36,33.12
2020-08-22,33.3577,6074.0,33.29,33.36,33.12
2020-08-23,33.3577,6074.0,33.29,33.36,33.12
2020-08-24,33.6889,6459.0,33.7299,33.7299,33.56
2020-08-25,33.8657,5197.0,33.82,33.8657,33.74
2020-08-26,34.1557,5869.0,33.95,34.2,33.95
2020-08-27,33.733,14543.0,34.2,34.2,33.64
2020-08-28,34.2036,18256.0,33.78,34.2036,33.78
2020-08-29,34.2036,18256.0,33.78,34.2036,33.78
2020-08-30,34.2036,18256.0,33.78,34.2036,33.78
2020-08-31,33.98,24223.0,34.16,34.24,33.86
2020-09-01,34.3542,15783.0,34.11,34.3542,34.06
2020-09-02,35.08,23618.0,34.6,35.08,34.48
2020-09-03,33.55,30668.0,35.0,35.05,33.38
2020-09-04,33.1843,22575.0,33.6,33.6463,32.32
2020-09-05,33.1843,22575.0,33.6,33.6463,32.32
2020-09-06,33.1843,22575.0,33.6,33.6463,32.32
2020-09-07,33.1843,22575.0,33.6,33.6463,32.32
2020-09-08,32.08,11997.0,32.6,32.64,32.08
2020-09-09,32.7449,8194.0,32.51,32.78,32.46
2020-09-10,32.32,12849.0,32.98,33.09,32.32
2020-09-11,32.3665,9115.0,32.67,32.67,32.23
2020-09-12,32.3665,9115.0,32.67,32.67,32.23
2020-09-13,32.3665,9115.0,32.67,32.67,32.23
2020-09-14,32.9538,15447.0,32.92,33.0,32.83
2020-09-15,33.2993,13256.0,33.29,33.425,33.22
2020-09-16,33.3688,6728.0,33.53,33.7,33.37
2020-09-17,33.1852,8284.0,32.99,33.1852,32.81
2020-09-18,33.0057,5506.0,33.21,33.2651,32.75
2020-09-19,33.0057,5506.0,33.21,33.2651,32.75
2020-09-20,33.0057,5506.0,33.21,33.2651,32.75
2020-09-21,32.7,5538.0,32.6,32.7,32.16
2020-09-22,32.7244,29280.0,32.68,32.7244,32.34
2020-09-23,32.06,6284.0,32.89,32.89,32.03
2020-09-24,32.0528,8423.0,31.95,32.35,31.76
2020-09-25,32.3267,12943.0,31.87,32.34,31.8
2020-09-26,32.3267,12943.0,31.87,32.34,31.8
2020-09-27,32.3267,12943.0,31.87,32.34,31.8
2020-09-28,33.0303,8126.0,32.69,33.0303,32.69
2020-09-29,33.15,20450.0,33.07,33.32,33.05
2020-09-30,33.07,9586.0,33.11,33.35,33.01
2020-10-01,33.56,5952.0,33.5,33.61,33.44
2020-10-02,32.9913,10236.0,33.14,33.21,32.99
2020-10-03,32.9913,10236.0,33.14,33.21,32.99
2020-10-04,32.9913,10236.0,33.14,33.21,32.99
2020-10-05,33.6727,8890.0,33.21,33.6727,33.21
2020-10-06,33.6144,11233.0,33.8,34.265,33.57
2020-10-07,34.2359,8029.0,33.92,34.24,33.92
2020-10-08,34.6516,4791.0,34.48,34.678,34.48
2020-10-09,35.2168,14596.0,34.93,35.2499,34.93
2020-10-10,35.2168,14596.0,34.93,35.2499,34.93
2020-10-11,35.2168,14596.0,34.93,35.2499,34.93
2020-10-12,35.69,23079.0,35.58,35.77,35.31
2020-10-13,35.55,13107.0,35.6,35.71,35.5
2020-10-14,35.3171,7827.0,35.56,35.621,35.26
2020-10-15,35.0678,11792.0,34.93,35.11,34.75
2020-10-16,35.0489,10129.0,35.11,35.31,35.05
2020-10-17,35.0489,10129.0,35.11,35.31,35.05
2020-10-18,35.0489,10129.0,35.11,35.31,35.05
2020-10-19,34.9662,8882.0,35.2,35.429,34.97
2020-10-20,34.9925,6759.0,35.11,35.23,34.99
2020-10-21,34.883,10574.0,35.0,35.18,34.81
2020-10-22,34.91,7500.0,34.82,35.0,34.56
2020-10-23,35.07,4010.0,35.03,35.07,34.88
2020-10-24,35.07,4010.0,35.03,35.07,34.88
2020-10-25,35.07,4010.0,35.03,35.07,34.88
2020-10-26,34.132,12162.0,34.6,34.65,33.81
2020-10-27,34.01,5214.0,34.26,34.41,33.97
2020-10-28,32.815,12131.0,33.54,33.54,32.82
2020-10-29,33.4,9135.0,32.79,33.53,32.79
2020-10-30,32.82,15121.0,33.0001,33.0333,32.55
2020-10-31,32.82,15121.0,33.0001,33.0333,32.55
2020-11-01,32.82,15121.0,33.0001,33.0333,32.55
2020-11-02,33.03,21202.0,33.11,33.28,32.78
2020-11-03,33.9399,12650.0,33.44,33.95,33.44
2020-11-04,34.7424,10220.0,34.4,34.92,34.2
2020-11-05,35.8248,10442.0,35.41,35.8702,35.41
2020-11-06,35.9,10459.0,35.82,35.99,35.55
2020-11-07,35.9,10459.0,35.82,35.99,35.55
2020-11-08,35.9,10459.0,35.82,35.99,35.55
2020-11-09,36.22,11618.0,38.04,38.04,36.17
2020-11-10,35.68,10230.0,35.92,35.97,35.49
2020-11-11,36.4,20529.0,35.77,36.405,35.77
2020-11-12,35.9434,13184.0,36.32,36.47,35.82
2020-11-13,36.6401,5311.0,36.24,36.67,36.24
2020-11-14,36.6401,5311.0,36.24,36.67,36.24
2020-11-15,36.6401,5311.0,36.24,36.67,36.24
2020-11-16,37.48,17658.0,37.07,37.48,37.07
2020-11-17,37.3382,7282.0,37.29,37.48,37.26
2020-11-18,37.18,17545.0,37.47,37.647,37.18
2020-11-19,37.6497,9428.0,37.0,37.65,37.0
2020-11-20,37.78,8847.0,37.76,37.98,37.74
2020-11-21,37.78,8847.0,37.76,37.98,37.74
2020-11-22,37.78,8847.0,37.76,37.98,37.74
2020-11-23,38.18,21473.0,37.91,38.21,37.82
2020-11-24,38.615,22315.0,38.36,38.615,38.11
2020-11-25,38.6305,16185.0,38.5,38.729,38.49
2020-11-26,38.6305,16185.0,38.5,38.729,38.49
2020-11-27,39.1184,5124.0,38.79,39.205,38.79
2020-11-28,39.1184,5124.0,38.79,39.205,38.79
2020-11-29,39.1184,5124.0,38.79,39.205,38.79
2020-11-30,39.1489,24882.0,39.22,39.23,38.88
2020-12-01,39.8194,30633.0,38.93,40.049,38.93
2020-12-02,39.79,17335.0,39.83,39.9699,39.66
2020-12-03,39.8794,9936.0,39.8,40.17,39.8
2020-12-04,40.8316,12467.0,40.12,40.8316,40.12
2020-12-05,40.8316,12467.0,40.12,40.8316,40.12
2020-12-06,40.8316,12467.0,40.12,40.8316,40.12
2020-12-07,40.83,23278.0,40.88,40.97,40.72
2020-12-08,40.915,9937.0,40.66,40.994,40.66
2020-12-09,40.3,22855.0,41.04,41.19,40.12
2020-12-10,40.41,16942.0,39.97,40.43,39.94
2020-12-11,40.1999,16271.0,40.06,40.37,39.89
2020-12-12,40.1999,16271.0,40.06,40.37,39.89
2020-12-13,40.1999,16271.0,40.06,40.37,39.89
2020-12-14,40.43,14405.0,40.48,40.71,40.32
2020-12-15,40.8744,10034.0,40.54,40.8744,40.41
2020-12-16,40.935,12067.0,41.02,41.15,40.76
2020-12-17,41.2649,5915.0,41.03,41.34,41.03
2020-12-18,40.94,53365.0,41.25,41.26,40.92
2020-12-19,40.94,53365.0,41.25,41.26,40.92
2020-12-20,40.94,53365.0,41.25,41.26,40.92
2020-12-21,40.87,19062.0,40.4,40.91,40.22
2020-12-22,40.9565,25302.0,40.73,40.97,40.72
2020-12-23,41.03,12530.0,41.15,41.285,41.03
2020-12-24,41.0658,13453.0,40.98,41.08,40.91
2020-12-25,41.0658,13453.0,40.98,41.08,40.91
2020-12-26,41.0658,13453.0,40.98,41.08,40.91
2020-12-27,41.0658,13453.0,40.98,41.08,40.91
2020-12-28,41.2189,17883.0,41.45,41.55,41.2
2020-12-29,40.928,18738.0,41.46,41.46,40.72
2020-12-30,41.49,17753.0,41.25,41.59,41.25
2020-12-31,41.5044,16869.0,41.5,41.54,41.3
2021-01-01,41.5044,16869.0,41.5,41.54,41.3
2021-01-02,41.5044,16869.0,41.5,41.54,41.3
2021-01-03,41.5044,16869.0,41.5,41.54,41.3
2021-01-04,41.8,39481.0,42.11,42.455,41.45
2021-01-05,42.5777,29604.0,41.92,42.595,41.92
2021-01-06,42.7349,55164.0,42.48,43.24,42.31
2021-01-07,43.83,50601.0,43.28,43.875,43.2
2021-01-08,43.8794,37556.0,44.47,44.47,43.41
2021-01-09,43.8794,37556.0,44.47,44.47,43.41
2021-01-10,43.8794,37556.0,44.47,44.47,43.41
2021-01-11,44.17,45123.0,43.53,44.29,43.45
2021-01-12,44.41,40024.0,44.24,44.46,44.02
2021-01-13,44.3956,27677.0,44.59,44.6,44.35
2021-01-14,45.5193,26340.0,44.85,45.68,44.85
2021-01-15,44.9607,24648.0,45.4,45.4,44.83
2021-01-16,44.9607,24648.0,45.4,45.4,44.83
2021-01-17,44.9607,24648.0,45.4,45.4,44.83
2021-01-18,44.9607,24648.0,45.4,45.4,44.83
2021-01-19,46.3199,42700.0,45.42,46.33,45.42
2021-01-20,46.6,36309.0,46.68,47.09,46.4
2021-01-21,46.7755,32764.0,46.74,46.78,46.36
2021-01-22,46.6992,12159.0,46.44,46.719,46.39
2021-01-23,46.6992,12159.0,46.44,46.719,46.39
2021-01-24,46.6992,12159.0,46.44,46.719,46.39
2021-01-25,46.896,54154.0,47.0,47.439,46.31
2021-01-26,46.4958,40054.0,47.0,47.0,46.25
2021-01-27,45.91,44616.0,46.06,46.8846,45.47
2021-01-28,45.3355,21069.0,45.61,45.87,45.06
2021-01-29,44.41,22582.0,45.2,45.34,44.27
2021-01-30,44.41,22582.0,45.2,45.34,44.27
2021-01-31,44.41,22582.0,45.2,45.34,44.27
2021-02-01,45.72,29112.0,45.0,45.79,44.68
2021-02-02,46.2,37286.0,45.89,46.259,45.7
2021-02-03,45.925,36780.0,46.27,46.41,45.88
2021-02-04,46.34,20104.0,45.9,46.34,45.78
2021-02-05,46.88,33323.0,46.85,47.01,46.6
2021-02-06,46.88,33323.0,46.85,47.01,46.6
2021-02-07,46.88,33323.0,46.85,47.01,46.6
2021-02-08,48.32,34714.0,47.43,48.32,47.39
2021-02-09,49.02,56157.0,48.53,49.17,48.33
2021-02-10,48.15,30222.0,49.11,49.125,48.01
2021-02-11,49.28,28767.0,48.79,49.28,48.69
2021-02-12,49.9731,28783.0,49.3,50.0,49.01
2021-02-13,49.9731,28783.0,49.3,50.0,49.01
2021-02-14,49.9731,28783.0,49.3,50.0,49.01
2021-02-15,49.9731,28783.0,49.3,50.0,49.01
2021-02-16,49.81,64582.0,50.24,50.47,49.71
2021-02-17,49.37,19230.0,49.57,49.58,48.71
2021-02-18,48.74,29006.0,48.99,48.99,48.26
2021-02-19,49.47,22303.0,49.15,49.78,49.15
2021-02-20,49.47,22303.0,49.15,49.78,49.15
2021-02-21,49.47,22303.0,49.15,49.78,49.15
2021-02-22,48.2,32712.0,49.06,49.2152,48.1
2021-02-23,47.12,57680.0,47.16,47.64,45.8
2021-02-24,48.4771,24085.0,47.01,48.48,46.92
2021-02-25,46.35,38335.0,48.38,48.38,46.15
2021-02-26,46.54,59030.0,46.34,46.97,45.66
2021-02-27,46.54,59030.0,46.34,46.97,45.66
2021-02-28,46.54,59030.0,46.34,46.97,45.66
2021-03-01,48.02,19164.0,47.29,48.04,47.22
2021-03-02,47.09,21282.0,48.09,48.09,47.09
2021-03-03,46.0671,20936.0,47.05,47.32,46.0
2021-03-04,44.253,56599.0,45.97,46.1227,43.68
2021-03-05,44.7595,34263.0,44.65,44.8001,42.96
2021-03-06,44.7595,34263.0,44.65,44.8001,42.96
2021-03-07,44.7595,34263.0,44.65,44.8001,42.96
2021-03-08,43.46,26209.0,44.56,44.8596,43.46
2021-03-09,45.38,23641.0,44.39,45.579,44.39
2021-03-10,45.43,16120.0,46.02,46.255,45.35
2021-03-11,46.86,22446.0,46.27,46.8961,46.22
2021-03-12,46.7041,10994.0,46.44,46.7041,46.14
2021-03-13,46.7041,10994.0,46.44,46.7041,46.14
2021-03-14,46.7041,10994.0,46.44,46.7041,46.14
2021-03-15,47.29,16434.0,46.87,47.29,46.78
2021-03-16,47.4355,16681.0,47.48,47.93,47.21
2021-03-17,47.9,21880.0,47.19,48.1,46.65
2021-03-18,46.43,15685.0,47.68,47.74,46.38
2021-03-19,46.8622,16910.0,46.54,47.07,45.97
2021-03-20,46.8622,16910.0,46.54,47.07,45.97
2021-03-21,46.8622,16910.0,46.54,47.07,45.97
2021-03-22,47.2397,19150.0,46.84,47.562,46.84
2021-03-23,45.95,50981.0,47.08,47.26,45.84
2021-03-24,45.41,21529.0,46.21,46.5058,45.41
2021-03-25,45.54,21633.0,44.94,45.579,44.64
2021-03-26,46.91,16744.0,45.63,46.93,45.63
2021-03-27,46.91,16744.0,45.63,46.93,45.63
2021-03-28,46.91,16744.0,45.63,46.93,45.63
2021-03-29,46.28,24261.0,46.79,46.8,45.98
2021-03-30,46.31,18817.0,46.02,46.37,45.85
2021-03-31,47.01,22985.0,46.27,47.275,46.27
2021-04-01,48.4,23719.0,47.49,48.4,47.49
2021-04-02,48.4,23719.0,47.49,48.4,47.49
2021-04-03,48.4,23719.0,47.49,48.4,47.49
2021-04-04,48.4,23719.0,47.49,48.4,47.49
2021-04-05,49.215,28514.0,48.89,49.26,48.61
2021-04-06,48.88,18965.0,49.02,49.05,48.64
2021-04-07,48.72,17437.0,48.93,48.98,48.54
2021-04-08,49.09,14296.0,48.84,49.1596,48.84
2021-04-09,48.8711,13493.0,48.93,48.93,48.65
2021-04-10,48.8711,13493.0,48.93,48.93,48.65
2021-04-11,48.8711,13493.0,48.93,48.93,48.65
2021-04-12,48.51,31377.0,48.87,48.87,48.21
2021-04-13,48.77,14957.0,48.68,48.77,48.32
2021-04-14,48.26,56773.0,48.66,48.89,48.18
2021-04-15,49.01,101998.0,48.7,49.105,48.47
2021-04-16,48.7,36445.0,48.87,48.99,48.59
2021-04-17,48.7,36445.0,48.87,48.99,48.59
2021-04-18,48.7,36445.0,48.87,48.99,48.59
2021-04-19,47.69,30805.0,48.53,48.53,47.38
2021-04-20,47.09,24797.0,47.83,47.83,46.86
2021-04-21,48.13,28899.0,47.14,48.13,47.0
2021-04-22,47.79,32703.0,48.3,48.53,47.72
2021-04-23,48.71,15591.0,47.94,48.8,47.94
2021-04-24,48.71,15591.0,47.94,48.8,47.94
2021-04-25,48.71,15591.0,47.94,48.8,47.94
2021-04-26,49.38,18201.0,48.91,49.4,48.91
2021-04-27,49.17,22716.0,49.39,49.39,48.97
2021-04-28,48.82,10599.0,49.09,49.09,48.79
2021-04-29,49.02,25812.0,49.33,49.33,48.51
2021-04-30,48.07,14081.0,48.6,48.71,47.93
2021-05-01,48.07,14081.0,48.6,48.71,47.93
2021-05-02,48.07,14081.0,48.6,48.71,47.93
2021-05-03,47.6867,12065.0,48.23,48.23,47.58
2021-05-04,46.85,21140.0,47.28,47.41,46.2
2021-05-05,47.01,6212.0,47.0,47.3524,46.82
2021-05-06,47.01,18132.0,46.82,47.03,46.31
2021-05-07,47.52,38102.0,47.2,47.76,47.2
2021-05-08,47.52,38102.0,47.2,47.76,47.2
2021-05-09,47.52,38102.0,47.2,47.76,47.2
2021-05-10,45.9728,12292.0,47.56,47.56,45.97
2021-05-11,45.8,27064.0,44.78,45.84,44.48
2021-05-12,44.06,59812.0,45.28,45.28,43.93
2021-05-13,44.41,24754.0,44.41,44.83,44.08
2021-05-14,45.55,17233.0,44.83,45.72,44.74
2021-05-15,45.55,17233.0,44.83,45.72,44.74
2021-05-16,45.55,17233.0,44.83,45.72,44.74
2021-05-17,45.05,12516.0,45.0,45.05,44.54
2021-05-18,45.17,21485.0,45.44,45.75,45.16
2021-05-19,45.36,12896.0,44.35,45.45,44.14
2021-05-20,46.41,9584.0,45.74,46.47,45.74
2021-05-21,46.16,13739.0,46.62,46.66,46.14
2021-05-22,46.16,13739.0,46.62,46.66,46.14
2021-05-23,46.16,13739.0,46.62,46.66,46.14
2021-05-24,47.107,12537.0,46.59,47.19,46.59
2021-05-25,47.1483,14672.0,47.36,47.499,47.04
2021-05-26,47.455,8713.0,47.28,47.488,47.21
2021-05-27,47.83,13104.0,47.51,47.909,47.5
2021-05-28,48.0486,6173.0,48.03,48.33,48.03
2021-05-29,48.0486,6173.0,48.03,48.33,48.03
2021-05-30,48.0486,6173.0,48.03,48.33,48.03
2021-05-31,48.0486,6173.0,48.03,48.33,48.03
2021-06-01,48.4,18764.0,48.53,48.7421,48.13
2021-06-02,48.82,10493.0,48.47,48.82,48.33
2021-06-03,48.33,7955.0,48.62,48.629,48.24
2021-06-04,49.0,21440.0,48.68,49.08,48.68
2021-06-05,49.0,21440.0,48.68,49.08,48.68
2021-06-06,49.0,21440.0,48.68,49.08,48.68
2021-06-07,48.97,15465.0,48.95,48.99,48.77
2021-06-08,48.81,11146.0,49.18,49.18,48.6
2021-06-09,48.5394,12846.0,48.99,48.99,48.51
2021-06-10,48.99,13834.0,48.7,49.079,48.61
2021-06-11,49.109,5372.0,49.0,49.109,48.87
2021-06-12,49.109,5372.0,49.0,49.109,48.87
2021-06-13,49.109,5372.0,49.0,49.109,48.87
2021-06-14,49.66,20135.0,49.28,49.66,49.27
2021-06-15,49.4331,11304.0,49.69,49.779,49.36
2021-06-16,49.0817,16086.0,49.54,49.54,48.8
2021-06-17,49.2585,10841.0,48.96,49.47,48.82
2021-06-18,48.1379,30193.0,48.74,48.799,48.0
2021-06-19,48.1379,30193.0,48.74,48.799,48.0
2021-06-20,48.1379,30193.0,48.74,48.799,48.0
2021-06-21,48.27,16360.0,48.06,48.3103,47.84
2021-06-22,48.61,8555.0,48.27,48.61,48.2
2021-06-23,48.39,12659.0,48.46,48.66,48.39
2021-06-24,49.14,11662.0,48.84,49.1588,48.84
2021-06-25,49.1419,8666.0,49.2,49.28,49.14
2021-06-26,49.1419,8666.0,49.2,49.28,49.14
2021-06-27,49.1419,8666.0,49.2,49.28,49.14
2021-06-28,49.7752,18838.0,49.41,49.8,49.41
2021-06-29,49.98,21603.0,49.84,49.98,49.72
2021-06-30,49.8489,12405.0,49.94,49.94,49.68
2021-07-01,49.33,11900.0,49.64,49.709,49.27
2021-07-02,49.6908,15697.0,49.77,49.77,49.52
2021-07-03,49.6908,15697.0,49.77,49.77,49.52
2021-07-04,49.6908,15697.0,49.77,49.77,49.52
2021-07-05,49.6908,15697.0,49.77,49.77,49.52
2021-07-06,49.49,13329.0,49.8,49.8,49.09
2021-07-07,49.0,38663.0,49.59,49.62,48.8
2021-07-08,48.47,30447.0,48.33,48.575,47.97
2021-07-09,49.21,17064.0,48.48,49.27,48.48
2021-07-10,49.21,17064.0,48.48,49.27,48.48
2021-07-11,49.21,17064.0,48.48,49.27,48.48
2021-07-12,49.2009,10164.0,49.33,49.33,49.03
2021-07-13,49.01,7152.0,49.13,49.3099,48.99
2021-07-14,48.88,12436.0,49.4,49.51,48.82
2021-07-15,48.13,23087.0,48.61,48.61,47.84
2021-07-16,47.5,14767.0,48.33,48.44,47.49
2021-07-17,47.5,14767.0,48.33,48.44,47.49
2021-07-18,47.5,14767.0,48.33,48.44,47.49
2021-07-19,46.95,21756.0,46.81,47.109,46.41
2021-07-20,47.76,22329.0,47.2,47.935,46.93
2021-07-21,48.73,6300.0,47.87,48.73,47.87
2021-07-22,48.54,6746.0,48.65,48.65,48.39
2021-07-23,48.82,7995.0,48.62,48.82,48.51
2021-07-24,48.82,7995.0,48.62,48.82,48.51
2021-07-25,48.82,7995.0,48.62,48.82,48.51
2021-07-26,48.89,10757.0,48.78,48.99,48.78
2021-07-27,48.24,6779.0,48.78,48.78,47.77
2021-07-28,48.89,7350.0,48.4,49.029,48.4
2021-07-29,49.41,22691.0,49.18,49.5,49.18
2021-07-30,49.42,6154.0,49.02,49.51,49.0
2021-07-31,49.42,6154.0,49.02,49.51,49.0
2021-08-01,49.42,6154.0,49.02,49.51,49.0
2021-08-02,49.78,26100.0,49.82,50.21,49.6
2021-08-03,49.9403,7008.0,49.84,49.9403,49.35
2021-08-04,50.03,5596.0,49.92,50.14,49.86
2021-08-05,50.39,8505.0,50.11,50.39,50.08
2021-08-06,50.402,8369.0,50.24,50.469,50.24
2021-08-07,50.402,8369.0,50.24,50.469,50.24
2021-08-08,50.402,8369.0,50.24,50.469,50.24
2021-08-09,50.4677,6307.0,50.51,50.695,50.38
2021-08-10,50.0561,13962.0,50.43,50.43,49.97
2021-08-11,50.16,8117.0,50.44,50.5,49.89
2021-08-12,49.71,16438.0,50.05,50.05,49.57
2021-08-13,49.84,66181.0,49.83,49.85,49.66
2021-08-14,49.84,66181.0,49.83,49.85,49.66
2021-08-15,49.84,66181.0,49.83,49.85,49.66
2021-08-16,49.62,8012.0,49.78,49.86,49.34
2021-08-17,48.796,6129.0,49.17,49.17,48.5
2021-08-18,48.56,7013.0,48.78,49.03,48.56
2021-08-19,48.37,13017.0,48.18,48.63,48.02
2021-08-20,48.908,8580.0,48.56,48.908,48.56
2021-08-21,48.908,8580.0,48.56,48.908,48.56
2021-08-22,48.908,8580.0,48.56,48.908,48.56
2021-08-23,49.91,10076.0,49.37,49.939,49.37
2021-08-24,50.2746,12816.0,50.09,50.31,50.09
2021-08-25,50.5389,13917.0,50.36,50.66,50.36
2021-08-26,50.3223,6940.0,50.43,50.53,50.2
2021-08-27,51.24,7171.0,50.4,51.27,50.4
2021-08-28,51.24,7171.0,50.4,51.27,50.4
2021-08-29,51.24,7171.0,50.4,51.27,50.4
2021-08-30,51.41,17824.0,51.52,51.52,51.24
2021-08-31,51.2578,8758.0,51.49,51.49,51.02
2021-09-01,51.6872,21546.0,51.66,51.89,51.6
2021-09-02,51.9322,9845.0,52.02,52.055,51.8
2021-09-03,52.3498,13440.0,52.02,52.4272,52.02
2021-09-04,52.3498,13440.0,52.02,52.4272,52.02
2021-09-05,52.3498,13440.0,52.02,52.4272,52.02
2021-09-06,52.3498,13440.0,52.02,52.4272,52.02
2021-09-07,52.16,11503.0,52.28,52.28,52.08
2021-09-08,51.6,18071.0,52.02,52.14,51.37
2021-09-09,51.96,9095.0,51.67,52.08,51.67
2021-09-10,51.96,23488.0,52.38,52.51,51.96
2021-09-11,51.96,23488.0,52.38,52.51,51.96
2021-09-12,51.96,23488.0,52.38,52.51,51.96
2021-09-13,52.3,19166.0,52.34,52.34,51.8
2021-09-14,52.27,15213.0,52.55,52.55,52.11
2021-09-15,52.5382,13574.0,52.27,52.55,52.03
2021-09-16,52.57,25574.0,52.27,52.645,52.15
2021-09-17,52.0195,70365.0,52.48,52.48,51.82
2021-09-18,52.0195,70365.0,52.48,52.48,51.82
2021-09-19,52.0195,70365.0,52.48,52.48,51.82
2021-09-20,51.0287,17238.0,51.14,51.19,50.0
2021-09-21,51.2799,17766.0,51.43,51.58,50.94
2021-09-22,51.876,26352.0,51.47,51.975,51.3
2021-09-23,52.6204,29429.0,52.19,52.66,52.19
2021-09-24,52.61,17607.0,52.25,52.61,52.24
2021-09-25,52.61,17607.0,52.25,52.61,52.24
2021-09-26,52.61,17607.0,52.25,52.61,52.24
2021-09-27,52.383,11333.0,52.36,52.5205,52.08
2021-09-28,50.6782,25082.0,51.79,51.79,50.66
2021-09-29,50.1125,21871.0,50.77,50.81,50.09
2021-09-30,50.18,37628.0,50.41,50.67,50.1
2021-10-01,50.3713,13974.0,50.38,50.5,49.72
2021-10-02,50.3713,13974.0,50.38,50.5,49.72
2021-10-03,50.3713,13974.0,50.38,50.5,49.72
2021-10-04,49.21,17059.0,50.0,50.02,48.97
2021-10-05,49.71,41921.0,49.41,49.88,49.36
2021-10-06,49.8,29086.0,49.26,49.815,49.0
2021-10-07,50.418,19152.0,50.26,50.79,50.26
2021-10-08,50.2017,11130.0,50.6,50.6,50.11
2021-10-09,50.2017,11130.0,50.6,50.6,50.11
2021-10-10,50.2017,11130.0,50.6,50.6,50.11
2021-10-11,50.0,18556.0,50.18,50.629,49.99
2021-10-12,49.81,20863.0,50.16,50.25,49.69
2021-10-13,50.23,12803.0,50.13,50.4101,50.13
2021-10-14,51.3505,22609.0,50.85,51.36,50.85
2021-10-15,51.72,16211.0,51.69,51.84,51.65
2021-10-16,51.72,16211.0,51.69,51.84,51.65
2021-10-17,51.72,16211.0,51.69,51.84,51.65
2021-10-18,51.88,34094.0,51.5,51.92,51.32
2021-10-19,52.36,17775.0,52.09,52.415,51.94
2021-10-20,52.44,13409.0,52.41,52.5,52.25
2021-10-21,52.59,40142.0,52.23,52.63,52.13
2021-10-22,52.52,13389.0,52.74,53.09,52.41
2021-10-23,52.52,13389.0,52.74,53.09,52.41
2021-10-24,52.52,13389.0,52.74,53.09,52.41
2021-10-25,52.82,18557.0,52.69,53.01,52.5
2021-10-26,52.58,28299.0,53.11,53.11,52.5
2021-10-27,52.2,30496.0,52.5,52.75,52.2
2021-10-28,53.05,22185.0,52.58,53.119,52.58
2021-10-29,53.11,28874.0,52.57,53.18,52.57
2021-10-30,53.11,28874.0,52.57,53.18,52.57
2021-10-31,53.11,28874.0,52.57,53.18,52.57
2021-11-01,53.99,32777.0,53.55,53.99,53.36
2021-11-02,54.36,27255.0,54.01,54.37,54.01
2021-11-03,54.95,43847.0,54.48,55.009,54.34
2021-11-04,56.02,52279.0,55.36,56.02,55.22
2021-11-05,56.29,53631.0,56.37,56.729,55.97
2021-11-06,56.29,53631.0,56.37,56.729,55.97
2021-11-07,56.29,53631.0,56.37,56.729,55.97
2021-11-08,56.89,65081.0,56.61,57.02,56.5
2021-11-09,56.79,58245.0,57.14,57.15,56.38
2021-11-10,55.4334,45587.0,56.42,56.608,55.23
2021-11-11,56.05,19262.0,55.92,56.1,55.82
2021-11-12,56.6,29575.0,56.34,56.66,56.18
2021-11-13,56.6,29575.0,56.34,56.66,56.18
2021-11-14,56.6,29575.0,56.34,56.66,56.18
2021-11-15,56.37,54865.0,56.81,56.85,56.1
2021-11-16,56.91,38413.0,56.38,56.93,56.1
2021-11-17,56.51,68582.0,56.91,56.94,56.34
2021-11-18,56.67,42901.0,56.96,56.96,56.27
2021-11-19,56.57,45235.0,56.78,56.87,56.48
2021-11-20,56.57,45235.0,56.78,56.87,56.48
2021-11-21,56.57,45235.0,56.78,56.87,56.48
2021-11-22,55.61,50725.0,56.63,56.9311,55.61
2021-11-23,55.32,40731.0,55.56,55.75,54.67
2021-11-24,55.59,27471.0,54.92,55.59,54.48
2021-11-25,55.59,27471.0,54.92,55.59,54.48
2021-11-26,53.9833,28837.0,54.93,54.93,53.69
2021-11-27,53.9833,28837.0,54.93,54.93,53.69
2021-11-28,53.9833,28837.0,54.93,54.93,53.69
2021-11-29,55.45,44242.0,54.76,55.51,54.53
2021-11-30,54.64,44091.0,55.52,55.61,54.14
2021-12-01,54.35,49944.0,55.5,56.24,54.35
2021-12-02,54.43,56562.0,54.3,54.75,53.69
2021-12-03,53.94,36315.0,54.9,55.1495,53.45
2021-12-04,53.94,36315.0,54.9,55.1495,53.45
2021-12-05,53.94,36315.0,54.9,55.1495,53.45
2021-12-06,54.1536,36666.0,53.87,54.3199,53.03
2021-12-07,56.17,60926.0,55.2,56.38,55.2
2021-12-08,56.31,29916.0,56.17,56.3536,55.69
2021-12-09,55.18,17847.0,56.08,56.2881,55.18
2021-12-10,55.349,21038.0,55.69,55.9,54.99
2021-12-11,55.349,21038.0,55.69,55.9,54.99
2021-12-12,55.349,21038.0,55.69,55.9,54.99
2021-12-13,54.4986,39376.0,55.52,55.52,54.46
2021-12-14,54.03,23727.0,53.99,54.2552,53.56
2021-12-15,55.38,32631.0,54.21,55.38,53.49
2021-12-16,53.68,32358.0,55.81,55.86,53.54
2021-12-17,53.65,31776.0,53.27,54.109,53.15
2021-12-18,53.65,31776.0,53.27,54.109,53.15
2021-12-19,53.65,31776.0,53.27,54.109,53.15
2021-12-20,52.99,36453.0,53.0,53.18,52.63
2021-12-21,54.55,32721.0,53.47,54.55,53.47
2021-12-22,55.16,13324.0,54.42,55.185,54.35
2021-12-23,55.61,15055.0,55.32,55.74,55.22
2021-12-24,55.61,15055.0,55.32,55.74,55.22
2021-12-25,55.61,15055.0,55.32,55.74,55.22
2021-12-26,55.61,15055.0,55.32,55.74,55.22
2021-12-27,56.58,32517.0,55.88,56.59,55.88
2021-12-28,56.07,45550.0,56.79,56.79,55.99
2021-12-29,56.13,26484.0,56.09,56.19,55.94
2021-12-30,56.0,33293.0,56.13,56.46,56.0
2021-12-31,55.81,19135.0,56.1,56.18,55.79
2022-01-01,55.81,19135.0,56.1,56.18,55.79
2022-01-02,55.81,19135.0,56.1,56.18,55.79
2022-01-03,56.38,28530.0,55.86,56.41,55.73
2022-01-04,56.16,21264.0,56.68,56.685,55.51
2022-01-05,54.63,35800.0,56.15,56.17,54.63
2022-01-06,54.83,24961.0,54.52,55.02,54.1
2022-01-07,54.01,17031.0,54.78,55.0581,53.86
2022-01-08,54.01,17031.0,54.78,55.0581,53.86
2022-01-09,54.01,17031.0,54.78,55.0581,53.86
2022-01-10,53.75,31637.0,53.4,53.79,52.52
2022-01-11,54.67,25071.0,53.75,54.7,53.56
2022-01-12,54.85,13142.0,54.94,55.37,54.6
2022-01-13,53.85,10797.0,55.24,55.35,53.85
2022-01-14,54.57,23990.0,53.53,54.58,53.53
2022-01-15,54.57,23990.0,53.53,54.58,53.53
2022-01-16,54.57,23990.0,53.53,54.58,53.53
2022-01-17,54.57,23990.0,53.53,54.58,53.53
2022-01-18,52.93,29213.0,53.7,53.9,52.89
2022-01-19,52.06,23502.0,53.13,53.37,52.06
2022-01-20,51.27,19157.0,52.43,52.9084,51.25
2022-01-21,50.27,35730.0,50.97,51.63,50.2
2022-01-22,50.27,35730.0,50.97,51.63,50.2
2022-01-23,50.27,35730.0,50.97,51.63,50.2
2022-01-24,50.45,107735.0,49.45,50.5,47.98
2022-01-25,49.17,46705.0,49.61,50.0,48.84
2022-01-26,49.36,57088.0,49.91,50.65,48.85
2022-01-27,47.75,39205.0,49.4,49.4,47.68
2022-01-28,48.51,20131.0,47.53,48.54,46.9
2022-01-29,48.51,20131.0,47.53,48.54,46.9
2022-01-30,48.51,20131.0,47.53,48.54,46.9
2022-01-31,50.44,33680.0,48.73,50.44,48.65
2022-02-01,50.68,28557.0,50.65,50.68,49.96
2022-02-02,51.27,46154.0,51.2,51.46,50.76
2022-02-03,49.6,19558.0,50.22,50.62,49.57
2022-02-04,50.08,13904.0,49.56,50.35,49.28
2022-02-05,50.08,13904.0,49.56,50.35,49.28
2022-02-06,50.08,13904.0,49.56,50.35,49.28
2022-02-07,49.98,17030.0,50.08,50.48,49.92
2022-02-08,50.91,17733.0,49.9,51.0,49.9
2022-02-09,52.18,14052.0,51.48,52.18,51.32
2022-02-10,51.18,19815.0,51.17,52.52,51.07
2022-02-11,49.87,9602.0,51.26,51.44,49.66
2022-02-12,49.87,9602.0,51.26,51.44,49.66
2022-02-13,49.87,9602.0,51.26,51.44,49.66
2022-02-14,49.6,31288.0,49.78,50.3299,49.17
2022-02-15,51.41,10994.0,50.5,51.445,50.5
2022-02-16,51.7418,9978.0,51.12,51.8099,50.96
2022-02-17,50.42,8381.0,51.29,51.37,50.42
2022-02-18,49.84,16950.0,50.29,50.46,49.54
2022-02-19,49.84,16950.0,50.29,50.46,49.54
2022-02-20,49.84,16950.0,50.29,50.46,49.54
2022-02-21,49.84,16950.0,50.29,50.46,49.54
2022-02-22,49.3,28170.0,49.37,50.06,48.84
2022-02-23,48.46,16335.0,49.74,49.98,48.45
2022-02-24,49.63,35373.0,46.89,49.63,46.71
2022-02-25,50.56,19979.0,49.97,50.56,49.36
2022-02-26,50.56,19979.0,49.97,50.56,49.36
2022-02-27,50.56,19979.0,49.97,50.56,49.36
2022-02-28,50.4748,10610.0,50.0,50.8382,49.9
2022-03-01,49.4,14743.0,50.21,50.36,49.19
2022-03-02,50.27,17315.0,49.65,50.39,49.4
2022-03-03,49.4,34702.0,50.3,50.37,49.21
2022-03-04,48.26,14984.0,48.65,48.98,47.88
2022-03-05,48.26,14984.0,48.65,48.98,47.88
2022-03-06,48.26,14984.0,48.65,48.98,47.88
2022-03-07,46.4826,20312.0,47.89,48.29,46.47
2022-03-08,46.6373,24287.0,46.38,47.71,45.96
2022-03-09,48.3715,17061.0,47.67,48.5646,47.67
2022-03-10,47.7746,12286.0,47.53,47.85,47.24
2022-03-11,46.7592,15073.0,48.1,48.42,46.76
2022-03-12,46.7592,15073.0,48.1,48.42,46.76
2022-03-13,46.7592,15073.0,48.1,48.42,46.76
2022-03-14,45.795,50431.0,46.78,47.015,45.6
2022-03-15,47.03,11964.0,45.95,47.03,45.82
2022-03-16,49.1094,18463.0,47.85,49.11,47.61
2022-03-17,49.5469,8901.0,48.74,49.61,48.74
2022-03-18,50.4962,10099.0,49.27,50.4962,49.27
2022-03-19,50.4962,10099.0,49.27,50.4962,49.27
2022-03-20,50.4962,10099.0,49.27,50.4962,49.27
2022-03-21,50.3173,8767.0,50.37,50.61,49.84
2022-03-22,50.909,15400.0,50.35,51.11,50.35
2022-03-23,50.1546,5160.0,50.61,50.94,50.15
2022-03-24,51.29,12819.0,50.11,51.29,50.11
2022-03-25,51.15,5339.0,51.23,51.23,50.82
2022-03-26,51.15,5339.0,51.23,51.23,50.82
2022-03-27,51.15,5339.0,51.23,51.23,50.82
2022-03-28,51.2945,12321.0,50.87,51.2945,50.6
2022-03-29,52.1981,25590.0,52.07,52.31,51.64
2022-03-30,51.3303,20743.0,52.05,52.24,51.21
2022-03-31,50.5484,6290.0,51.25,51.25,50.55
2022-04-01,50.3375,7509.0,50.76,50.76,49.92
2022-04-02,50.3375,7509.0,50.76,50.76,49.92
2022-04-03,50.3375,7509.0,50.76,50.76,49.92
2022-04-04,50.98,8673.0,50.6,50.98,50.6
2022-04-05,49.33,19559.0,50.6,50.6,49.29
2022-04-06,48.4663,45635.0,48.6,48.768,48.14
2022-04-07,48.4972,10944.0,48.32,48.75,47.79
2022-04-08,47.7667,42384.0,48.39,48.39,47.77
2022-04-09,47.7667,42384.0,48.39,48.39,47.77
2022-04-10,47.7667,42384.0,48.39,48.39,47.77
2022-04-11,47.01,12517.0,47.3,47.42,46.97
2022-04-12,46.8008,26829.0,47.5,47.875,46.75
2022-04-13,47.6787,35649.0,46.91,47.6901,46.91
2022-04-14,46.8595,11879.0,47.76,47.76,46.86
2022-04-15,46.8595,11879.0,47.76,47.76,46.86
2022-04-16,46.8595,11879.0,47.76,47.76,46.86
2022-04-17,46.8595,11879.0,47.76,47.76,46.86
2022-04-18,46.851,12427.0,46.45,47.13,46.45
2022-04-19,47.6,9548.0,46.63,47.62,46.53
2022-04-20,47.5925,8804.0,47.96,48.0446,47.55
2022-04-21,46.6462,12627.0,48.11,48.41,46.59
2022-04-22,45.86,13953.0,46.58,46.8,45.86
2022-04-23,45.86,13953.0,46.58,46.8,45.86
2022-04-24,45.86,13953.0,46.58,46.8,45.86
2022-04-25,46.43,17681.0,45.61,46.43,45.61
2022-04-26,44.92,25244.0,45.97,45.99,44.92
2022-04-27,44.89,7270.0,44.82,45.56,44.67
2022-04-28,46.2341,7218.0,45.51,46.5,45.14
2022-04-29,45.04,5716.0,46.18,46.56,45.04
2022-04-30,45.04,5716.0,46.18,46.56,45.04
2022-05-01,45.04,5716.0,46.18,46.56,45.04
2022-05-02,45.7789,7205.0,45.06,45.7789,44.92
2022-05-03,46.05,38023.0,45.84,46.1201,45.74
2022-05-04,47.62,8468.0,46.2,47.62,45.52
2022-05-05,45.5187,18874.0,46.86,46.86,45.26
2022-05-06,45.07,23676.0,45.31,45.629,44.67
2022-05-07,45.07,23676.0,45.31,45.629,44.67
2022-05-08,45.07,23676.0,45.31,45.629,44.67
2022-05-09,43.11,21092.0,44.09,44.33,42.99
2022-05-10,43.58,14760.0,43.93,44.108,43.02
2022-05-11,42.5437,23084.0,43.29,43.98,42.54
2022-05-12,42.83,32250.0,42.04,43.09,42.04
2022-05-13,44.4201,8241.0,43.47,44.51,43.47
2022-05-14,44.4201,8241.0,43.47,44.51,43.47
2022-05-15,44.4201,8241.0,43.47,44.51,43.47
2022-05-16,44.0167,10371.0,44.12,44.4779,43.98
2022-05-17,45.4057,14149.0,44.79,45.419,44.79
2022-05-18,43.8918,10834.0,44.93,45.26,43.82
2022-05-19,44.0994,10435.0,43.74,44.615,43.74
2022-05-20,44.0063,10294.0,44.68,44.68,43.0
2022-05-21,44.0063,10294.0,44.68,44.68,43.0
2022-05-22,44.0063,10294.0,44.68,44.68,43.0
2022-05-23,44.5371,14668.0,44.14,44.665,44.01
2022-05-24,43.92,11427.0,44.08,44.08,43.5
2022-05-25,44.3987,7918.0,43.66,44.64,43.66
2022-05-26,45.62,15152.0,44.43,45.75,44.43
2022-05-27,46.8,10412.0,46.0,46.8,46.0
2022-05-28,46.8,10412.0,46.0,46.8,46.0
2022-05-29,46.8,10412.0,46.0,46.8,46.0
2022-05-30,46.8,10412.0,46.0,46.8,46.0
2022-05-31,46.4726,11894.0,46.87,46.96,46.07
2022-06-01,46.1055,21076.0,46.74,46.92,45.69
2022-06-02,47.33,12730.0,45.91,47.33,45.91
2022-06-03,46.42,35404.0,46.78,46.78,46.32
2022-06-04,46.42,35404.0,46.78,46.78,46.32
2022-06-05,46.42,35404.0,46.78,46.78,46.32
2022-06-06,46.53,19911.0,47.09,47.18,46.39
2022-06-07,47.0127,14619.0,46.06,47.0127,46.06
2022-06-08,46.29,16048.0,46.74,46.842,46.1
2022-06-09,45.0,9709.0,45.88,46.18,45.0
2022-06-10,43.76,18667.0,44.21,44.49,43.75
2022-06-11,43.76,18667.0,44.21,44.49,43.75
2022-06-12,43.76,18667.0,44.21,44.49,43.75
2022-06-13,41.73,20432.0,42.44,42.6,41.7
2022-06-14,41.7284,11904.0,41.82,42.06,41.34
2022-06-15,42.49,23051.0,42.14,42.91,41.72
2022-06-16,40.6116,21607.0,41.185,41.37,40.4
2022-06-17,40.83,62587.0,40.76,41.13,40.29
2022-06-18,40.83,62587.0,40.76,41.13,40.29
2022-06-19,40.83,62587.0,40.76,41.13,40.29
2022-06-20,40.83,62587.0,40.76,41.13,40.29
2022-06-21,41.74,12803.0,41.58,42.04,41.42
2022-06-22,41.12,22767.0,40.93,41.62,40.85
2022-06-23,41.23,7958.0,41.2,41.24,40.72
2022-06-24,42.5681,9334.0,41.73,42.5681,41.73
2022-06-25,42.5681,9334.0,41.73,42.5681,41.73
2022-06-26,42.5681,9334.0,41.73,42.5681,41.73
2022-06-27,42.401,12079.0,42.84,42.84,42.27
2022-06-28,41.65,22188.0,42.64,42.97,41.65
2022-06-29,41.14,25804.0,41.42,41.42,40.91
2022-06-30,40.55,13998.0,40.49,40.8501,39.98
2022-07-01,39.92,8576.0,40.22,40.22,39.53
2022-07-02,39.92,8576.0,40.22,40.22,39.53
2022-07-03,39.92,8576.0,40.22,40.22,39.53
2022-07-04,39.92,8576.0,40.22,40.22,39.53
2022-07-05,39.8445,53843.0,39.11,39.845,38.75
2022-07-06,40.04,30530.0,39.87,40.26,39.61
2022-07-07,41.327,20671.0,40.41,41.4057,40.41
2022-07-08,41.44,8168.0,40.83,41.5909,40.83
2022-07-09,41.44,8168.0,40.83,41.5909,40.83
2022-07-10,41.44,8168.0,40.83,41.5909,40.83
2022-07-11,40.4257,19486.0,40.93,40.93,40.42
2022-07-12,40.21,5387.0,40.57,40.75,40.02
2022-07-13,40.2355,12255.0,39.535,40.3824,39.45
2022-07-14,40.17,25647.0,39.81,40.23,39.3
2022-07-15,40.92,4391.0,40.66,40.94,40.41
2022-07-16,40.92,4391.0,40.66,40.94,40.41
2022-07-17,40.92,4391.0,40.66,40.94,40.41
2022-07-18,40.8271,6371.0,41.43,41.61,40.75
2022-07-19,42.18,8889.0,41.36,42.219,41.36
2022-07-20,42.9301,12809.0,42.18,43.03,42.18
2022-07-21,43.6503,8634.0,43.14,43.6503,43.13
2022-07-22,42.93,7167.0,43.66,43.66,42.68
2022-07-23,42.93,7167.0,43.66,43.66,42.68
2022-07-24,42.93,7167.0,43.66,43.66,42.68
2022-07-25,42.7608,28469.0,42.88,42.88,42.42
2022-07-26,42.0695,6997.0,42.66,42.66,41.93
2022-07-27,43.51,13626.0,42.39,43.6,42.39
2022-07-28,43.95,7026.0,43.43,43.99,43.02
2022-07-29,44.33,22687.0,43.71,44.38,43.47
2022-07-30,44.33,22687.0,43.71,44.38,43.47
2022-07-31,44.33,22687.0,43.71,44.38,43.47
2022-08-01,44.1875,16265.0,44.05,44.53,43.87
2022-08-02,43.9777,42914.0,43.79,44.45,43.66
2022-08-03,45.08,17412.0,44.15,45.0843,44.15
2022-08-04,45.24,13879.0,45.09,45.28,44.83
2022-08-05,44.97,6683.0,44.57,45.06,44.44
2022-08-06,44.97,6683.0,44.57,45.06,44.44
2022-08-07,44.97,6683.0,44.57,45.06,44.44
2022-08-08,44.6269,10140.0,44.92,45.1127,44.47
2022-08-09,43.4079,8383.0,44.21,44.21,43.23
2022-08-10,44.79,7612.0,44.3,44.8255,44.28
2022-08-11,44.699,3813.0,45.22,45.48,44.7
2022-08-12,45.5902,8329.0,44.99,45.61,44.99
2022-08-13,45.5902,8329.0,44.99,45.61,44.99
2022-08-14,45.5902,8329.0,44.99,45.61,44.99
2022-08-15,45.7808,8753.0,45.38,45.82,45.37
2022-08-16,45.8736,6185.0,45.67,46.104,45.46
2022-08-17,44.91,22226.0,45.3,45.3,44.62
2022-08-18,45.3956,4693.0,45.17,45.57,45.17
2022-08-19,44.285,8333.0,44.94,44.94,44.22
2022-08-20,44.285,8333.0,44.94,44.94,44.22
2022-08-21,44.285,8333.0,44.94,44.94,44.22
2022-08-22,43.073,11030.0,43.59,43.59,42.96
2022-08-23,43.2234,4162.0,43.08,43.51,43.08
2022-08-24,43.3688,2533.0,43.13,43.52,43.13
2022-08-25,44.39,6464.0,43.53,44.39,43.53
2022-08-26,42.575,7177.0,44.34,44.34,42.58
2022-08-27,42.575,7177.0,44.34,44.34,42.58
2022-08-28,42.575,7177.0,44.34,44.34,42.58
2022-08-29,42.1214,22099.0,42.16,42.55,42.07
2022-08-30,41.76,11948.0,42.47,42.54,41.51
2022-08-31,41.4541,5197.0,41.95,41.9508,41.36
2022-09-01,40.6666,12840.0,40.76,40.76,40.0
2022-09-02,40.3,4461.0,41.11,41.3225,40.19
2022-09-03,40.3,4461.0,41.11,41.3225,40.19
2022-09-04,40.3,4461.0,41.11,41.3225,40.19
2022-09-05,40.3,4461.0,41.11,41.3225,40.19
2022-09-06,39.6659,27721.0,40.25,40.25,39.64
2022-09-07,40.1807,8073.0,39.59,40.2506,39.43
2022-09-08,40.481,6248.0,39.89,40.481,39.89
2022-09-09,41.4508,14725.0,40.98,41.49,40.98
2022-09-10,41.4508,14725.0,40.98,41.49,40.98
2022-09-11,41.4508,14725.0,40.98,41.49,40.98
2022-09-12,41.8155,15217.0,41.75,41.95,41.6
2022-09-13,39.8779,19342.0,40.39,40.72,39.79
2022-09-14,40.0843,10287.0,40.09,40.285,39.76
2022-09-15,39.5978,8919.0,39.8,40.1504,39.41
2022-09-16,39.3383,9117.0,39.06,39.37,38.88
2022-09-17,39.3383,9117.0,39.06,39.37,38.88
2022-09-18,39.3383,9117.0,39.06,39.37,38.88
2022-09-19,39.5061,4680.0,38.94,39.53,38.94
2022-09-20,38.9389,6674.0,39.09,39.18,38.79
2022-09-21,38.3562,3732.0,38.77,39.0252,38.36
2022-09-22,37.7493,10983.0,38.25,38.2901,37.6
2022-09-23,36.9532,14507.0,37.32,37.32,36.58
2022-09-24,36.9532,14507.0,37.32,37.32,36.58
2022-09-25,36.9532,14507.0,37.32,37.32,36.58
2022-09-26,36.5986,8013.0,36.8999,37.195,36.6
2022-09-27,36.65,7877.0,36.84,37.12,36.5
2022-09-28,37.3214,12631.0,36.42,37.36,36.42
2022-09-29,36.4539,6072.0,36.73,36.73,36.12
2022-09-30,36.1291,3018.0,36.25,36.9,36.13
2022-10-01,36.1291,3018.0,36.25,36.9,36.13
2022-10-02,36.1291,3018.0,36.25,36.9,36.13
2022-10-03,37.1661,8701.0,36.4,37.37,36.4
2022-10-04,38.6827,8026.0,38.13,38.72,38.13
2022-10-05,38.65,52420.0,38.17,38.84,37.9
2022-10-06,38.42,8037.0,38.63,38.97,38.37
2022-10-07,36.91,6195.0,37.7,37.7,36.75
2022-10-08,36.91,6195.0,37.7,37.7,36.75
2022-10-09,36.91,6195.0,37.7,37.7,36.75
2022-10-10,36.2178,121125.0,36.91,36.91,35.93
2022-10-11,35.2758,17648.0,35.78,35.78,35.09
2022-10-12,34.9754,8936.0,35.24,35.24,34.97
2022-10-13,35.7859,11599.0,34.03,35.9,33.7
2022-10-14,34.57,18857.0,35.98,35.98,34.54
2022-10-15,34.57,18857.0,35.98,35.98,34.54
2022-10-16,34.57,18857.0,35.98,35.98,34.54
2022-10-17,35.64,5737.0,35.44,35.74,35.44
2022-10-18,35.8616,5147.0,36.7099,36.7099,35.86
2022-10-19,35.695,3225.0,35.67,35.92,35.55
2022-10-20,35.868,4054.0,36.169,36.4401,35.65
2022-10-21,36.7,12075.0,35.59,36.749,35.59
2022-10-22,36.7,12075.0,35.59,36.749,35.59
2022-10-23,36.7,12075.0,35.59,36.749,35.59
2022-10-24,36.6799,4298.0,36.63,36.75,36.4
2022-10-25,37.352,4848.0,36.77,37.4001,36.77
2022-10-26,37.3362,8619.0,36.8,37.835,36.8
2022-10-27,36.8014,7323.0,37.34,37.49,36.8
2022-10-28,37.6773,2478.0,36.82,37.6773,36.82
2022-10-29,37.6773,2478.0,36.82,37.6773,36.82
2022-10-30,37.6773,2478.0,36.82,37.6773,36.82
2022-10-31,37.222,2257.0,37.38,37.41,37.22
2022-11-01,37.3685,5333.0,37.88,37.88,37.37
2022-11-02,36.4733,18441.0,37.169,37.83,36.47
2022-11-03,35.9943,40388.0,36.0445,36.31,35.74
2022-11-04,36.99,5137.0,36.99,36.99,36.41
2022-11-05,36.99,5137.0,36.99,36.99,36.41
2022-11-06,36.99,5137.0,36.99,36.99,36.41
2022-11-07,37.6244,3086.0,37.23,37.6557,37.14
2022-11-08,38.1263,9200.0,38.02,38.41,37.65
2022-11-09,37.216,2779.0,37.78,37.78,37.22
2022-11-10,40.1449,8506.0,38.88,40.155,38.88
2022-11-11,41.05,11069.0,40.22,41.14,40.22
2022-11-12,41.05,11069.0,40.22,41.14,40.22
2022-11-13,41.05,11069.0,40.22,41.14,40.22
2022-11-14,40.7655,7951.0,40.69,41.22,40.65
2022-11-15,41.5757,5754.0,41.82,41.9301,41.41
2022-11-16,40.6517,5612.0,41.24,41.24,40.65
2022-11-17,40.7239,7177.0,40.39,40.83,40.34
2022-11-18,40.8911,8985.0,40.9,41.0025,40.71
2022-11-19,40.8911,8985.0,40.9,41.0025,40.71
2022-11-20,40.8911,8985.0,40.9,41.0025,40.71
2022-11-21,40.4466,3861.0,40.61,40.61,40.44
2022-11-22,41.1095,6671.0,40.52,41.1095,40.46
2022-11-23,41.5264,1304.0,41.63,41.63,41.25
2022-11-24,41.5264,1304.0,41.63,41.63,41.25
2022-11-25,41.4109,10170.0,41.4,41.4716,41.35
2022-11-26,41.4109,10170.0,41.4,41.4716,41.35
2022-11-27,41.4109,10170.0,41.4,41.4716,41.35
2022-11-28,40.5886,7205.0,41.11,41.1899,40.52
2022-11-29,40.5703,6982.0,40.6,40.8872,40.5
2022-11-30,42.1831,8610.0,40.62,42.1831,40.54
2022-12-01,42.3392,10369.0,42.39,42.55,41.93
2022-12-02,42.2448,61694.0,41.44,42.2448,41.44
2022-12-03,42.2448,61694.0,41.44,42.2448,41.44
2022-12-04,42.2448,61694.0,41.44,42.2448,41.44
2022-12-05,41.5732,6601.0,41.92,42.0,41.43
2022-12-06,40.8488,54578.0,41.63,41.63,40.67
2022-12-07,40.7605,8313.0,40.6,40.84,40.5
2022-12-08,41.5172,4812.0,40.93,41.57,40.93
2022-12-09,41.26,8722.0,41.41,41.71,41.26
2022-12-10,41.26,8722.0,41.41,41.71,41.26
2022-12-11,41.26,8722.0,41.41,41.71,41.26
2022-12-12,41.6893,10329.0,41.2,41.6893,41.09
2022-12-13,42.308,11707.0,43.28,43.35,42.07
2022-12-14,42.01,9341.0,42.18,42.55,41.9
2022-12-15,40.45,7892.0,41.32,41.32,40.45
2022-12-16,40.21,11709.0,40.24,40.4899,39.99
2022-12-17,40.21,11709.0,40.24,40.4899,39.99
2022-12-18,40.21,11709.0,40.24,40.4899,39.99
2022-12-19,39.6116,7726.0,40.14,40.14,39.45
2022-12-20,39.6701,11146.0,39.42,39.95,39.26
2022-12-21,40.1981,8182.0,39.77,40.32,39.77
2022-12-22,39.261,6303.0,39.69,39.69,38.88
2022-12-23,39.3117,6722.0,39.13,39.3117,38.81
2022-12-24,39.3117,6722.0,39.13,39.3117,38.81
2022-12-25,39.3117,6722.0,39.13,39.3117,38.81
2022-12-26,39.3117,6722.0,39.13,39.3117,38.81
2022-12-27,38.8816,18993.0,39.18,39.18,38.87
2022-12-28,38.2955,29877.0,38.75,38.935,38.29
2022-12-29,39.417,6698.0,38.76,39.44,38.76
2022-12-30,39.1855,14918.0,38.9,39.1855,38.83
2022-12-31,39.1855,14918.0,38.9,39.1855,38.83
2023-01-01,39.1855,14918.0,38.9,39.1855,38.83
2023-01-02,39.1855,14918.0,38.9,39.1855,38.83
2023-01-03,39.2283,4377.0,39.77,39.77,39.08
2023-01-04,39.909,5646.0,39.73,40.045,39.6
2023-01-05,39.32,3689.0,39.48,39.641,39.32
2023-01-06,40.4043,4738.0,39.65,40.55,39.36
2023-01-07,40.4043,4738.0,39.65,40.55,39.36
2023-01-08,40.4043,4738.0,39.65,40.55,39.36
2023-01-09,40.8523,5987.0,40.89,41.369,40.82
2023-01-10,41.1417,5176.0,40.66,41.1417,40.66
2023-01-11,41.6137,6630.0,41.31,41.6137,41.22
2023-01-12,42.01,4970.0,41.76,42.02,41.21
2023-01-13,42.3637,6298.0,42.016,42.3637,42.01
2023-01-14,42.3637,6298.0,42.016,42.3637,42.01
2023-01-15,42.3637,6298.0,42.016,42.3637,42.01
2023-01-16,42.3637,6298.0,42.016,42.3637,42.01
2023-01-17,42.5113,5431.0,42.26,42.6399,42.26
2023-01-18,41.99,12157.0,42.91,42.99,41.99
2023-01-19,41.43,10049.0,41.85,41.88,41.43
2023-01-20,42.27,7506.0,41.81,42.6052,41.81
2023-01-21,42.27,7506.0,41.81,42.6052,41.81
2023-01-22,42.27,7506.0,41.81,42.6052,41.81
2023-01-23,43.59,4685.0,42.67,43.64,42.67
2023-01-24,43.45,3941.0,43.36,43.565,43.36
2023-01-25,43.6,7082.0,42.97,43.64,42.89
2023-01-26,44.0608,3280.0,44.09,44.09,43.42
2023-01-27,44.0361,8093.0,43.82,44.18,43.55
2023-01-28,44.0361,8093.0,43.82,44.18,43.55
2023-01-29,44.0361,8093.0,43.82,44.18,43.55
2023-01-30,43.3113,4789.0,43.54,43.735,43.31
2023-01-31,43.7502,5296.0,43.25,43.7502,43.25
2023-02-01,45.2689,36475.0,43.93,45.55,43.93
2023-02-02,46.058,33945.0,45.72,46.24,45.42
2023-02-03,45.45,11091.0,45.21,45.975,45.0
2023-02-04,45.45,11091.0,45.21,45.975,45.0
2023-02-05,45.45,11091.0,45.21,45.975,45.0
2023-02-06,45.04,79175.0,45.11,45.44,44.85
2023-02-07,45.97,11767.0,45.07,46.06,45.0
2023-02-08,45.45,11118.0,45.68,45.92,45.33
2023-02-09,45.3039,14213.0,46.15,46.25,45.13
2023-02-10,45.0399,9889.0,45.21,45.21,44.82
2023-02-11,45.0399,9889.0,45.21,45.21,44.82
2023-02-12,45.0399,9889.0,45.21,45.21,44.82
2023-02-13,45.5091,16403.0,45.24,45.63,44.99
2023-02-14,45.9703,37057.0,45.35,46.009,45.23
2023-02-15,46.28,19188.0,45.47,46.28,45.47
2023-02-16,45.5899,15308.0,45.65,46.091,45.58
2023-02-17,45.0485,10119.0,45.27,45.3,44.91
2023-02-18,45.0485,10119.0,45.27,45.3,44.91
2023-02-19,45.0485,10119.0,45.27,45.3,44.91
2023-02-20,45.0485,10119.0,45.27,45.3,44.91
2023-02-21,44.0186,15537.0,44.54,44.65,44.02
2023-02-22,43.8766,12876.0,44.15,44.28,43.75
2023-02-23,44.58,13483.0,44.69,44.86,44.02
2023-02-24,43.68,12106.0,43.84,43.84,43.52
2023-02-25,43.68,12106.0,43.84,43.84,43.52
2023-02-26,43.68,12106.0,43.84,43.84,43.52
2023-02-27,43.94,16757.0,44.22,44.22,43.92
2023-02-28,43.91,7998.0,43.87,44.25,43.76
2023-03-01,44.0223,13016.0,44.07,44.32,43.98
2023-03-02,44.27,10436.0,43.53,44.27,43.25
2023-03-03,44.8651,65537.0,44.42,44.89,44.39
2023-03-04,44.8651,65537.0,44.42,44.89,44.39
2023-03-05,44.8651,65537.0,44.42,44.89,44.39
2023-03-06,44.4949,21107.0,44.96,45.19,44.46
2023-03-07,43.87,19703.0,44.49,44.59,43.79
2023-03-08,44.48,12570.0,43.98,44.53,43.98
2023-03-09,43.76,17628.0,44.6,44.87,43.67
2023-03-10,43.07,11122.0,43.86,43.88,42.93
2023-03-11,43.07,11122.0,43.86,43.88,42.93
2023-03-12,43.07,11122.0,43.86,43.88,42.93
2023-03-13,42.9716,44869.0,42.99,43.23,42.39
2023-03-14,43.648,19233.0,43.45,43.82,43.28
2023-03-15,42.8733,17897.0,42.97,42.99,42.48
2023-03-16,44.1357,7520.0,42.89,44.25,42.88
2023-03-17,43.98,34407.0,44.24,44.3306,43.79
2023-03-18,43.98,34407.0,44.24,44.3306,43.79
2023-03-19,43.98,34407.0,44.24,44.3306,43.79
2023-03-20,44.4,10169.0,44.07,44.4,44.03
2023-03-21,44.91,8621.0,44.78,45.01,44.49
2023-03-22,44.3101,13342.0,44.81,45.39,44.31
2023-03-23,45.1588,30192.0,44.85,45.6,44.71
2023-03-24,44.7001,8618.0,44.8,44.82,44.33
2023-03-25,44.7001,8618.0,44.8,44.82,44.33
2023-03-26,44.7001,8618.0,44.8,44.82,44.33
2023-03-27,44.66,18446.0,44.88,44.915,44.44
2023-03-28,44.4066,7130.0,44.56,44.56,44.13
2023-03-29,45.35,8909.0,44.9237,45.488,44.91
2023-03-30,45.8232,11323.0,45.71,46.0,45.58
2023-03-31,46.5208,10200.0,45.84,46.54,45.84
2023-04-01,46.5208,10200.0,45.84,46.54,45.84
2023-04-02,46.5208,10200.0,45.84,46.54,45.84
2023-04-03,46.4,55894.0,46.31,46.5,46.07
2023-04-04,46.1819,20517.0,46.49,46.57,46.04
2023-04-05,45.4226,10327.0,45.85,45.9201,45.17
2023-04-06,45.4366,6873.0,45.0,45.56,44.97
2023-04-07,45.4366,6873.0,45.0,45.56,44.97
2023-04-08,45.4366,6873.0,45.0,45.56,44.97
2023-04-09,45.4366,6873.0,45.0,45.56,44.97
2023-04-10,45.81,35112.0,45.14,45.81,45.14
2023-04-11,45.6352,12351.0,45.99,45.99,45.64
2023-04-12,45.1888,12182.0,45.98,46.05,45.18
2023-04-13,45.6601,10652.0,45.3,45.72,45.3
2023-04-14,45.483,7559.0,45.5,45.85,45.19
2023-04-15,45.483,7559.0,45.5,45.85,45.19
2023-04-16,45.483,7559.0,45.5,45.85,45.19
2023-04-17,45.3939,7274.0,45.28,45.3939,45.1
2023-04-18,45.43,14572.0,45.62,45.77,45.32
2023-04-19,45.0018,5550.0,45.06,45.065,44.92
2023-04-20,44.7179,7659.0,44.66,45.1199,44.58
2023-04-21,44.4739,10532.0,44.55,44.55,44.25
2023-04-22,44.4739,10532.0,44.55,44.55,44.25
2023-04-23,44.4739,10532.0,44.55,44.55,44.25
2023-04-24,44.29,8341.0,44.54,44.62,44.08
2023-04-25,43.1122,10923.0,44.0,44.0,43.11
2023-04-26,43.18,8224.0,43.37,43.51,43.13
2023-04-27,43.69,7316.0,43.36,43.69,43.04
2023-04-28,43.72,16947.0,43.53,43.72,43.36
2023-04-29,43.72,16947.0,43.53,43.72,43.36
2023-04-30,43.72,16947.0,43.53,43.72,43.36
2023-05-01,43.92,5891.0,43.85,44.11,43.82
2023-05-02,43.68,4609.0,43.87,43.89,43.46
2023-05-03,43.5303,10777.0,43.59,43.9738,43.53
2023-05-04,43.43,10125.0,43.33,43.5401,43.26
2023-05-05,44.23,16143.0,43.63,44.27,43.56
2023-05-06,44.23,16143.0,43.63,44.27,43.56
2023-05-07,44.23,16143.0,43.63,44.27,43.56
2023-05-08,44.17,7071.0,44.19,44.19,43.96
2023-05-09,43.87,13828.0,43.76,43.95,43.71
2023-05-10,44.3907,25506.0,44.31,44.47,44.17
2023-05-11,44.22,10117.0,44.26,44.26,44.04
2023-05-12,44.07,9020.0,44.26,44.29,43.78
2023-05-13,44.07,9020.0,44.26,44.29,43.78
2023-05-14,44.07,9020.0,44.26,44.29,43.78
2023-05-15,44.9546,35929.0,44.21,44.9546,44.17
2023-05-16,45.0483,12898.0,44.91,45.225,44.91
2023-05-17,45.9103,14043.0,45.3,45.96,45.21
2023-05-18,46.69,46790.0,46.04,46.72,46.04
2023-05-19,46.5669,26732.0,46.77,46.8,46.46
2023-05-20,46.5669,26732.0,46.77,46.8,46.46
2023-05-21,46.5669,26732.0,46.77,46.8,46.46
2023-05-22,47.08,51021.0,46.47,47.195,46.47
2023-05-23,46.502,17068.0,46.91,47.0,46.42
2023-05-24,45.75,19826.0,45.93,46.0,45.44
2023-05-25,46.84,34936.0,46.79,46.93,46.42
2023-05-26,48.59,138571.0,47.12,48.74,47.12
2023-05-27,48.59,138571.0,47.12,48.74,47.12
2023-05-28,48.59,138571.0,47.12,48.74,47.12
2023-05-29,48.59,138571.0,47.12,48.74,47.12
2023-05-30,48.8389,57130.0,49.29,49.3609,48.55
2023-05-31,48.1459,58394.0,48.43,48.49,47.85
2023-06-01,49.0208,41741.0,48.46,49.2574,48.33
2023-06-02,48.91,40111.0,49.34,49.45,48.7
2023-06-03,48.91,40111.0,49.34,49.45,48.7
2023-06-04,48.91,40111.0,49.34,49.45,48.7
2023-06-05,48.63,25317.0,48.84,48.84,48.4
2023-06-06,49.1551,21581.0,48.32,49.386,48.32
2023-06-07,48.7221,25778.0,49.3,49.5,48.65
2023-06-08,49.418,48370.0,48.8,49.52,48.67
2023-06-09,49.55,40794.0,49.77,50.15,49.41
2023-06-10,49.55,40794.0,49.77,50.15,49.41
2023-06-11,49.55,40794.0,49.77,50.15,49.41
2023-06-12,50.3353,36718.0,49.97,50.39,49.96
2023-06-13,51.01,77649.0,51.03,51.19,50.62
2023-06-14,51.04,46559.0,50.91,51.22,50.5
2023-06-15,51.2118,41512.0,50.93,51.36,50.68
2023-06-16,50.7,43120.0,51.52,51.52,50.7
2023-06-17,50.7,43120.0,51.52,51.52,50.7
2023-06-18,50.7,43120.0,51.52,51.52,50.7
2023-06-19,50.7,43120.0,51.52,51.52,50.7
2023-06-20,50.0689,70028.0,50.84,50.84,49.95
2023-06-21,49.1,51208.0,49.68,49.84,49.02
2023-06-22,49.16,35752.0,48.83,49.22,48.72
2023-06-23,48.48,96058.0,48.57,48.62,48.21
2023-06-24,48.48,96058.0,48.57,48.62,48.21
2023-06-25,48.48,96058.0,48.57,48.62,48.21
2023-06-26,48.69,25073.0,48.6,49.129,48.54
2023-06-27,49.71,46790.0,48.87,49.75,48.74
2023-06-28,49.8899,37640.0,49.43,50.0,49.36
2023-06-29,49.99,34125.0,49.98,50.0699,49.76
2023-06-30,50.61,30720.0,50.59,50.889,50.44
2023-07-01,50.61,30720.0,50.59,50.889,50.44
2023-07-02,50.61,30720.0,50.59,50.889,50.44
2023-07-03,50.89,30891.0,50.72,50.9896,50.53
2023-07-04,50.89,30891.0,50.72,50.9896,50.53
2023-07-05,50.43,42995.0,50.6,50.75,50.35
2023-07-06,49.64,109625.0,49.91,49.91,49.31
2023-07-07,49.86,61213.0,49.66,50.41,49.66
2023-07-08,49.86,61213.0,49.66,50.41,49.66
2023-07-09,49.86,61213.0,49.66,50.41,49.66
2023-07-10,50.4374,22640.0,49.84,50.44,49.84
2023-07-11,50.62,56733.0,50.63,50.656,50.19
2023-07-12,51.4257,29142.0,51.24,51.4766,51.06
2023-07-13,52.47,55056.0,51.99,52.5499,51.87
2023-07-14,51.6785,33426.0,52.42,52.45,51.6
2023-07-15,51.6785,33426.0,52.42,52.45,51.6
2023-07-16,51.6785,33426.0,52.42,52.45,51.6
2023-07-17,52.42,41295.0,51.66,52.57,51.47
2023-07-18,52.6632,33008.0,52.47,52.71,52.1
2023-07-19,52.27,43097.0,52.89,52.9,52.12
2023-07-20,50.92,55621.0,51.87,51.94,50.74
2023-07-21,51.03,21685.0,51.41,51.59,51.02
2023-07-22,51.03,21685.0,51.41,51.59,51.02
2023-07-23,51.03,21685.0,51.41,51.59,51.02
2023-07-24,51.19,25092.0,51.22,51.3199,50.89
2023-07-25,51.84,32800.0,51.24,51.93,51.24
2023-07-26,51.6,34676.0,51.44,51.8,51.38
2023-07-27,51.68,26250.0,52.35,52.52,51.51
2023-07-28,52.6833,23548.0,52.25,52.8,52.09
2023-07-29,52.6833,23548.0,52.25,52.8,52.09
2023-07-30,52.6833,23548.0,52.25,52.8,52.09
2023-07-31,53.0,26224.0,52.82,53.059,52.66
2023-08-01,53.45,56865.0,52.82,53.5499,52.46
2023-08-02,51.78,53484.0,52.78,52.78,51.41
2023-08-03,51.44,22867.0,51.29,51.675,51.09
2023-08-04,51.41,26908.0,51.64,52.1642,51.0
2023-08-05,51.41,26908.0,51.64,52.1642,51.0
2023-08-06,51.41,26908.0,51.64,52.1642,51.0
2023-08-07,51.41,23067.0,51.85,51.87,51.15
2023-08-08,50.37,39957.0,50.69,50.89,50.01
2023-08-09,49.76,15062.0,50.47,50.47,49.64
2023-08-10,49.53,30804.0,50.17,50.55,49.4
2023-08-11,49.35,30870.0,49.38,49.86,49.18
2023-08-12,49.35,30870.0,49.38,49.86,49.18
2023-08-13,49.35,30870.0,49.38,49.86,49.18
2023-08-14,49.96,35397.0,49.31,49.9674,49.09
2023-08-15,49.29,120769.0,49.85,49.85,49.23
2023-08-16,48.21,28240.0,49.01,49.01,48.19
2023-08-17,47.967,24290.0,48.59,48.59,47.85
2023-08-18,48.06,24578.0,47.39,48.2,47.24
2023-08-19,48.06,24578.0,47.39,48.2,47.24
2023-08-20,48.06,24578.0,47.39,48.2,47.24
2023-08-21,48.8,22034.0,48.29,48.88,48.22
2023-08-22,48.76,15369.0,49.29,49.41,48.63
2023-08-23,49.67,19257.0,48.92,49.78,48.87
2023-08-24,48.64,28343.0,50.39,50.39,48.61
2023-08-25,48.93,18924.0,48.75,49.0801,48.16
2023-08-26,48.93,18924.0,48.75,49.0801,48.16
2023-08-27,48.93,18924.0,48.75,49.0801,48.16
2023-08-28,49.52,15292.0,49.37,49.59,49.22
2023-08-29,50.45,40566.0,49.42,50.53,49.38
2023-08-30,50.6,21370.0,50.34,50.7179,50.18
2023-08-31,50.79,20407.0,50.59,51.0269,50.59
2023-09-01,51.2,34942.0,51.28,51.4,50.88
2023-09-02,51.2,34942.0,51.28,51.4,50.88
2023-09-03,51.2,34942.0,51.28,51.4,50.88
2023-09-04,51.2,34942.0,51.28,51.4,50.88
2023-09-05,51.3,68773.0,51.06,51.46,50.86
2023-09-06,51.21,22400.0,51.32,51.74,50.91
2023-09-07,50.185,20471.0,50.48,50.48,49.8
2023-09-08,49.91,21167.0,49.93,50.21,49.76
2023-09-09,49.91,21167.0,49.93,50.21,49.76
2023-09-10,49.91,21167.0,49.93,50.21,49.76
2023-09-11,50.15,18604.0,50.23,50.23,49.73
2023-09-12,49.77,9006.0,49.75,50.34,49.75
2023-09-13,49.93,35654.0,49.92,50.174,49.73
2023-09-14,50.13,18601.0,50.31,50.35,49.93
2023-09-15,49.24,20491.0,50.04,50.04,49.18
2023-09-16,49.24,20491.0,50.04,50.04,49.18
2023-09-17,49.24,20491.0,50.04,50.04,49.18
2023-09-18,49.23,16744.0,49.17,49.3681,49.0
2023-09-19,48.96,19399.0,49.1,49.16,48.8
2023-09-20,48.27,20650.0,48.88,49.14,48.27
2023-09-21,47.53,20409.0,47.86,47.95,47.53
2023-09-22,47.7499,21205.0,47.96,48.15,47.71
2023-09-23,47.7499,21205.0,47.96,48.15,47.71
2023-09-24,47.7499,21205.0,47.96,48.15,47.71
2023-09-25,47.83,23760.0,47.52,47.83,47.44
2023-09-26,47.03,30968.0,47.35,47.54,46.97
2023-09-27,47.51,10875.0,47.32,47.5701,47.0
2023-09-28,47.93,11876.0,47.28,48.2155,47.28
2023-09-29,47.97,13784.0,48.41,48.539,47.85
2023-09-30,47.97,13784.0,48.41,48.539,47.85
2023-10-01,47.97,13784.0,48.41,48.539,47.85
2023-10-02,47.9,32882.0,48.06,48.26,47.62
2023-10-03,47.09,20325.0,47.55,47.85,46.92
2023-10-04,47.37,17303.0,47.12,47.4189,46.84
2023-10-05,47.26,24009.0,47.49,47.53,46.97
2023-10-06,48.17,35589.0,47.05,48.26,46.91
2023-10-07,48.17,35589.0,47.05,48.26,46.91
2023-10-08,48.17,35589.0,47.05,48.26,46.91
2023-10-09,48.07,23343.0,47.64,48.17,47.56
2023-10-10,48.75,11919.0,48.31,49.07,48.31
2023-10-11,48.93,61373.0,48.86,49.22,48.63
2023-10-12,48.7253,17065.0,49.17,49.29,48.56
2023-10-13,47.84,20038.0,48.77,48.77,47.77
2023-10-14,47.84,20038.0,48.77,48.77,47.77
2023-10-15,47.84,20038.0,48.77,48.77,47.77
2023-10-16,48.26,36683.0,47.85,48.3885,47.8
2023-10-17,48.04,17827.0,47.62,48.29,47.45
2023-10-18,47.02,15493.0,47.52,47.52,46.94
2023-10-19,46.45,28802.0,47.22,47.22,46.34
2023-10-20,45.7,20644.0,46.3,46.4,45.7
2023-10-21,45.7,20644.0,46.3,46.4,45.7
2023-10-22,45.7,20644.0,46.3,46.4,45.7
2023-10-23,45.47,25050.0,45.32,45.86,45.06
2023-10-24,45.81,18395.0,45.5,45.85,45.48
2023-10-25,44.7255,46455.0,45.49,45.54,44.63
2023-10-26,44.58,18841.0,44.74,45.11,44.5
2023-10-27,44.84,16297.0,45.03,45.2,44.75
2023-10-28,44.84,16297.0,45.03,45.2,44.75
2023-10-29,44.84,16297.0,45.03,45.2,44.75
2023-10-30,44.7735,20025.0,45.02,45.12,44.49
2023-10-31,44.85,23102.0,44.69,44.87,44.32
2023-11-01,45.36,18929.0,44.82,45.3835,44.82
2023-11-02,46.3,31380.0,46.0,46.365,45.92
2023-11-03,47.18,19319.0,46.74,47.3999,46.65
2023-11-04,47.18,19319.0,46.74,47.3999,46.65
2023-11-05,47.18,19319.0,46.74,47.3999,46.65
2023-11-06,47.05,9907.0,47.22,47.34,46.82
2023-11-07,47.18,45685.0,47.03,47.37,46.95
2023-11-08,47.26,18404.0,47.36,47.4166,47.1
2023-11-09,47.12,12030.0,47.58,47.83,47.08
2023-11-10,48.06,23797.0,47.38,48.14,47.25
2023-11-11,48.06,23797.0,47.38,48.14,47.25
2023-11-12,48.06,23797.0,47.38,48.14,47.25
2023-11-13,48.04,19022.0,47.84,48.1,47.59
2023-11-14,49.73,23119.0,48.98,49.73,48.98
2023-11-15,49.68,18239.0,49.86,50.06,49.6
2023-11-16,49.39,14352.0,49.5,49.625,49.25
2023-11-17,49.8312,13464.0,49.6,49.84,49.59
2023-11-18,49.8312,13464.0,49.6,49.84,49.59
2023-11-19,49.8312,13464.0,49.6,49.84,49.59
2023-11-20,50.3163,15268.0,49.95,50.43,49.95
2023-11-21,49.9,37274.0,50.22,50.22,49.7
2023-11-22,50.14,17077.0,50.18,50.525,50.08
2023-11-23,50.14,17077.0,50.18,50.525,50.08
2023-11-24,50.15,11590.0,50.06,50.15,49.93
2023-11-25,50.15,11590.0,50.06,50.15,49.93
2023-11-26,50.15,11590.0,50.06,50.15,49.93
2023-11-27,50.0345,16882.0,50.0,50.25,49.86
2023-11-28,50.02,19649.0,50.04,50.17,49.8
2023-11-29,50.46,21757.0,50.37,50.87,50.37
2023-11-30,50.4,41314.0,50.69,50.69,50.14
2023-12-01,51.23,28387.0,50.53,51.23,50.33
2023-12-02,51.23,28387.0,50.53,51.23,50.33
2023-12-03,51.23,28387.0,50.53,51.23,50.33
2023-12-04,50.82,25531.0,50.78,50.8253,50.28
2023-12-05,50.5302,21586.0,50.54,50.6877,50.35
2023-12-06,50.4244,22498.0,51.0,51.18,50.42
2023-12-07,51.091,15113.0,50.94,51.12,50.68
2023-12-08,51.38,23969.0,51.04,51.515,51.04
2023-12-09,51.38,23969.0,51.04,51.515,51.04
2023-12-10,51.38,23969.0,51.04,51.515,51.04
2023-12-11,52.0878,22760.0,51.41,52.1363,51.41
2023-12-12,52.2,28209.0,52.01,52.21,51.89
2023-12-13,52.8468,36145.0,52.34,53.02,51.92
2023-12-14,53.7293,37979.0,53.18,53.76,53.18
2023-12-15,53.52,28632.0,53.71,53.94,53.47
2023-12-16,53.52,28632.0,53.71,53.94,53.47
2023-12-17,53.52,28632.0,53.71,53.94,53.47
2023-12-18,53.4599,26430.0,53.52,53.5479,53.19
2023-12-19,53.72,26245.0,53.55,53.8494,53.55
2023-12-20,52.745,28226.0,53.55,53.85,52.74
2023-12-21,53.8974,28918.0,53.56,53.8979,53.48
2023-12-22,54.0757,88584.0,54.09,54.29,53.9
2023-12-23,54.0757,88584.0,54.09,54.29,53.9
2023-12-24,54.0757,88584.0,54.09,54.29,53.9
2023-12-25,54.0757,88584.0,54.09,54.29,53.9
2023-12-26,54.6382,20563.0,54.47,54.77,54.17
2023-12-27,54.7325,32092.0,54.82,54.86,54.6
2023-12-28,54.681,21033.0,54.83,54.92,54.68
2023-12-29,54.32,39625.0,54.65,54.775,54.14
2023-12-30,54.32,39625.0,54.65,54.775,54.14
2023-12-31,54.32,39625.0,54.65,54.775,54.14
2024-01-01,54.32,39625.0,54.65,54.775,54.14
2024-01-02,53.2081,25569.0,54.0,54.0,53.04
2024-01-03,52.52,22851.0,52.69,52.7173,52.37
2024-01-04,52.3055,26307.0,52.23,52.6267,52.13
2024-01-05,52.18,22021.0,52.33,52.7,52.09
2024-01-06,52.18,22021.0,52.33,52.7,52.09
2024-01-07,52.18,22021.0,52.33,52.7,52.09
2024-01-08,53.45,17206.0,52.49,53.45,52.49
2024-01-09,53.36,20621.0,53.11,53.5605,53.0
2024-01-10,53.44,17315.0,53.5,53.6554,53.24
2024-01-11,53.58,17617.0,53.68,53.688,52.95
2024-01-12,53.57,22357.0,53.8,54.0,53.52
2024-01-13,53.57,22357.0,53.8,54.0,53.52
2024-01-14,53.57,22357.0,53.8,54.0,53.52
2024-01-15,53.57,22357.0,53.8,54.0,53.52
2024-01-16,53.3964,18763.0,53.35,53.71,53.13
2024-01-17,52.88,29443.0,52.89,52.93,52.38
2024-01-18,53.9549,27473.0,53.55,53.99,53.51
2024-01-19,54.9394,37662.0,54.3,54.96,54.05
2024-01-20,54.9394,37662.0,54.3,54.96,54.05
2024-01-21,54.9394,37662.0,54.3,54.96,54.05
2024-01-22,55.52,73766.0,55.17,55.64,55.17
2024-01-23,55.67,32069.0,55.37,55.67,55.34
2024-01-24,55.8578,20172.0,56.21,56.3801,55.76
2024-01-25,55.83,31564.0,56.35,56.35,55.73
2024-01-26,55.2564,29822.0,55.42,55.6,55.18
2024-01-27,55.2564,29822.0,55.42,55.6,55.18
2024-01-28,55.2564,29822.0,55.42,55.6,55.18
2024-01-29,55.6766,34076.0,55.33,55.69,55.09
2024-01-30,55.31,24188.0,55.56,55.56,55.23
2024-01-31,54.78,25461.0,55.0,55.581,54.74
2024-02-01,55.15,31792.0,54.97,55.15,54.65
2024-02-02,55.4532,32408.0,55.23,55.47,55.03
2024-02-03,55.4532,32408.0,55.23,55.47,55.03
2024-02-04,55.4532,32408.0,55.23,55.47,55.03
2024-02-05,55.47,25292.0,55.5,55.6599,54.97
2024-02-06,55.5127,15664.0,55.72,55.8,55.2
2024-02-07,55.84,40124.0,55.69,55.8999,55.44
2024-02-08,56.65,30547.0,56.05,56.7,56.0
2024-02-09,57.59,19854.0,56.96,57.6397,56.84
2024-02-10,57.59,19854.0,56.96,57.6397,56.84
2024-02-11,57.59,19854.0,56.96,57.6397,56.84
2024-02-12,57.885,28585.0,57.68,58.5136,57.68
2024-02-13,56.35,41380.0,56.43,56.88,56.0
2024-02-14,57.5407,18733.0,57.06,57.57,57.02
2024-02-15,57.8908,17399.0,57.96,58.1,57.62
2024-02-16,57.83,31217.0,58.33,58.36,57.64
2024-02-17,57.83,31217.0,58.33,58.36,57.64
2024-02-18,57.83,31217.0,58.33,58.36,57.64
2024-02-19,57.83,31217.0,58.33,58.36,57.64
2024-02-20,57.33,42126.0,57.85,57.85,56.83
2024-02-21,57.0,24818.0,56.79,57.0,56.59
2024-02-22,58.62,26933.0,58.32,58.7498,58.27
2024-02-23,58.31,30292.0,58.85,58.85,58.1
2024-02-24,58.31,30292.0,58.85,58.85,58.1
2024-02-25,58.31,30292.0,58.85,58.85,58.1
2024-02-26,58.96,31217.0,58.63,59.1,58.6
2024-02-27,59.08,23789.0,59.25,59.36,58.89
2024-02-28,58.88,25397.0,58.7,59.1525,58.5
2024-02-29,59.57,41832.0,59.5,59.69,59.02
2024-03-01,60.86,51792.0,59.87,60.95,59.66
2024-03-02,60.86,51792.0,59.87,60.95,59.66
2024-03-03,60.86,51792.0,59.87,60.95,59.66
2024-03-04,61.42,46382.0,61.43,61.71,61.16
2024-03-05,60.27,43248.0,61.0,61.1,60.03
2024-03-06,61.54,55065.0,61.27,62.0,61.04
2024-03-07,62.81,38345.0,62.0,62.966,62.0
2024-03-08,61.76,72199.0,62.91,63.37,61.6
2024-03-09,61.76,72199.0,62.91,63.37,61.6
2024-03-10,61.76,72199.0,62.91,63.37,61.6
2024-03-11,61.06,43705.0,61.48,61.48,60.99
2024-03-12,62.06,36517.0,61.39,62.0699,60.8
2024-03-13,61.49,43789.0,61.82,61.82,61.3
2024-03-14,60.72,33747.0,61.49,61.71,60.2
2024-03-15,60.58,24947.0,60.19,60.81,60.02
2024-03-16,60.58,24947.0,60.19,60.81,60.02
2024-03-17,60.58,24947.0,60.19,60.81,60.02
2024-03-18,60.42,31440.0,61.14,61.25,60.39
2024-03-19,59.9,73425.0,59.82,60.035,58.97
2024-03-20,60.7,40972.0,59.9,60.7507,59.55
2024-03-21,61.22,49077.0,61.8,61.9099,61.22
2024-03-22,60.98,25946.0,61.13,61.3,60.8
2024-03-23,60.98,25946.0,61.13,61.3,60.8
2024-03-24,60.98,25946.0,61.13,61.3,60.8
2024-03-25,61.36,34993.0,60.78,61.6,60.69
2024-03-26,61.09,22909.0,61.74,61.77,61.09
2024-03-27,61.73,33535.0,61.53,61.73,61.0
2024-03-28,61.37,34335.0,61.67,61.87,61.3
2024-03-29,61.37,34335.0,61.67,61.87,61.3
2024-03-30,61.37,34335.0,61.67,61.87,61.3
2024-03-31,61.37,34335.0,61.67,61.87,61.3
2024-04-01,61.35,40431.0,61.43,62.02,61.19
2024-04-02,60.5797,44459.0,60.68,60.68,60.12
2024-04-03,60.82,22403.0,60.21,61.11,60.21
2024-04-04,60.13,42654.0,61.76,61.8,60.13
2024-04-05,60.19,33496.0,60.25,60.59,60.0
2024-04-06,60.19,33496.0,60.25,60.59,60.0
2024-04-07,60.19,33496.0,60.25,60.59,60.0
2024-04-08,60.44,41180.0,60.79,60.89,60.36
2024-04-09,60.65,30590.0,60.95,60.95,60.1
2024-04-10,59.97,32983.0,59.71,60.1649,59.65
2024-04-11,60.65,28398.0,60.31,60.69,59.92
2024-04-12,58.91,86497.0,59.83,59.83,58.71
2024-04-13,58.91,86497.0,59.83,59.83,58.71
2024-04-14,58.91,86497.0,59.83,59.83,58.71
2024-04-15,57.91,46380.0,59.55,59.55,57.77
2024-04-16,57.78,49895.0,57.65,58.03,57.44
2024-04-17,56.73,41248.0,57.95,57.96,56.64
2024-04-18,56.3014,25676.0,56.55,57.11,56.19
2024-04-19,55.23,47373.0,56.05,56.24,55.06
2024-04-20,55.23,47373.0,56.05,56.24,55.06
2024-04-21,55.23,47373.0,56.05,56.24,55.06
2024-04-22,56.08,47712.0,55.64,56.37,55.45
2024-04-23,56.84,31139.0,56.22,57.0134,56.22
2024-04-24,57.16,34933.0,57.5,57.7601,56.84
2024-04-25,57.36,65686.0,56.63,57.527,56.38
2024-04-26,58.41,83191.0,57.68,58.5,57.54
2024-04-27,58.41,83191.0,57.68,58.5,57.54
2024-04-28,58.41,83191.0,57.68,58.5,57.54
2024-04-29,58.79,26601.0,58.47,58.8265,58.22
2024-04-30,57.74,22644.0,58.79,58.97,57.74
2024-05-01,57.07,64903.0,57.45,58.36,56.82
2024-05-02,58.119,27017.0,57.79,58.25,57.18
2024-05-03,59.14,22119.0,59.25,59.37,58.86
2024-05-04,59.14,22119.0,59.25,59.37,58.86
2024-05-05,59.14,22119.0,59.25,59.37,58.86
2024-05-06,59.92,24231.0,59.48,59.92,59.41
2024-05-07,59.57,21362.0,59.92,60.06,59.57
2024-05-08,59.42,12204.0,59.17,59.4601,59.14
2024-05-09,59.5647,12938.0,59.45,59.67,59.2
2024-05-10,59.5214,25237.0,59.74,59.95,59.37
2024-05-11,59.5214,25237.0,59.74,59.95,59.37
2024-05-12,59.5214,25237.0,59.74,59.95,59.37
2024-05-13,59.78,19289.0,59.75,60.0,59.68
2024-05-14,60.69,24955.0,59.93,60.7,59.93
2024-05-15,61.85,24724.0,61.2,61.87,60.97
2024-05-16,61.49,20508.0,61.94,62.02,61.49
2024-05-17,61.59,27852.0,61.72,61.87,61.27
2024-05-18,61.59,27852.0,61.72,61.87,61.27
2024-05-19,61.59,27852.0,61.72,61.87,61.27
2024-05-20,62.47,28157.0,61.9,62.59,61.89
2024-05-21,62.14,36147.0,62.05,62.25,61.87
2024-05-22,62.41,48737.0,62.43,62.68,62.08
2024-05-23,61.9995,48743.0,63.58,63.58,61.77
2024-05-24,63.04,35102.0,62.44,63.07,62.4
2024-05-25,63.04,35102.0,62.44,63.07,62.4
2024-05-26,63.04,35102.0,62.44,63.07,62.4
2024-05-27,63.04,35102.0,62.44,63.07,62.4
2024-05-28,63.51,60095.0,63.5,63.6599,63.07
2024-05-29,62.27,34278.0,62.55,62.585,62.24
2024-05-30,62.06,28831.0,62.45,62.58,61.86
2024-05-31,61.81,27641.0,62.3,62.41,60.76
2024-06-01,61.81,27641.0,62.3,62.41,60.76
2024-06-02,61.81,27641.0,62.3,62.41,60.76
2024-06-03,62.15,53474.0,62.58,62.59,61.42
2024-06-04,61.84,28035.0,62.15,62.15,61.6
2024-06-05,63.52,17058.0,62.48,63.52,62.4
2024-06-06,63.22,19821.0,63.53,63.53,63.1
2024-06-07,62.77,23859.0,63.2,63.24,62.6
2024-06-08,62.77,23859.0,63.2,63.24,62.6
2024-06-09,62.77,23859.0,63.2,63.24,62.6
2024-06-10,63.3279,21965.0,62.58,63.53,62.46
2024-06-11,63.09,23711.0,62.99,63.0996,62.44
2024-06-12,64.21,44171.0,64.01,64.6,63.98
2024-06-13,63.65,33563.0,64.36,64.36,63.35
2024-06-14,63.29,37959.0,63.24,63.375,62.98
2024-06-15,63.29,37959.0,63.24,63.375,62.98
2024-06-16,63.29,37959.0,63.24,63.375,62.98
2024-06-17,63.88,33515.0,63.3,63.89,62.9
2024-06-18,64.3,48015.0,63.86,64.5,63.82
2024-06-19,64.3,48015.0,63.86,64.5,63.82
2024-06-20,63.33,48726.0,64.33,64.33,63.19
2024-06-21,62.96,27273.0,63.13,63.3,62.44
2024-06-22,62.96,27273.0,63.13,63.3,62.44
2024-06-23,62.96,27273.0,63.13,63.3,62.44
2024-06-24,62.4,40200.0,63.1,63.3246,62.4
2024-06-25,62.67,38120.0,62.49,62.71,62.22
2024-06-26,62.07,15482.0,62.04,62.2422,61.86
2024-06-27,62.5363,30649.0,62.34,62.69,62.22
2024-06-28,62.79,71633.0,62.74,63.46,62.64
2024-06-29,62.79,71633.0,62.74,63.46,62.64
2024-06-30,62.79,71633.0,62.74,63.46,62.64
2024-07-01,62.64,94045.0,63.09,63.16,62.4
2024-07-02,63.24,20705.0,62.5,63.24,62.43
2024-07-03,63.87,18747.0,63.45,64.012,63.42
2024-07-04,63.87,18747.0,63.45,64.012,63.42
2024-07-05,64.16,47513.0,64.18,64.2485,63.69
2024-07-06,64.16,47513.0,64.18,64.2485,63.69
2024-07-07,64.16,47513.0,64.18,64.2485,63.69
2024-07-08,64.66,37437.0,64.24,64.8023,64.24
2024-07-09,64.58,47827.0,64.82,64.98,64.36
2024-07-10,65.77,32809.0,65.07,65.8,65.05
2024-07-11,65.02,34777.0,66.28,66.28,64.96
2024-07-12,65.85,35662.0,65.42,66.3,65.28
2024-07-13,65.85,35662.0,65.42,66.3,65.28
2024-07-14,65.85,35662.0,65.42,66.3,65.28
2024-07-15,65.99,30668.0,65.91,66.41,65.8
2024-07-16,66.8,50654.0,66.02,66.85,66.02
2024-07-17,64.35,56691.0,65.73,65.82,64.33
2024-07-18,63.52,43782.0,64.72,64.72,63.06
2024-07-19,62.43,34432.0,63.38,63.38,62.34
2024-07-20,62.43,34432.0,63.38,63.38,62.34
2024-07-21,62.43,34432.0,63.38,63.38,62.34
2024-07-22,63.78,33713.0,63.2,63.82,62.86
2024-07-23,63.58,27832.0,63.24,63.7599,63.24
2024-07-24,61.46,35452.0,63.0,63.01,61.42
2024-07-25,60.47,41036.0,60.93,61.57,59.94
2024-07-26,61.33,38934.0,61.29,61.55,60.84
2024-07-27,61.33,38934.0,61.29,61.55,60.84
2024-07-28,61.33,38934.0,61.29,61.55,60.84
2024-07-29,60.98,57652.0,61.44,61.79,60.98
2024-07-30,60.0,102570.0,61.09,61.25,59.8
2024-07-31,61.97,72102.0,61.53,62.25,61.42
2024-08-01,59.43,62214.0,61.51,61.54,59.0
2024-08-02,56.75,75152.0,57.5,57.66,56.39
2024-08-03,56.75,75152.0,57.5,57.66,56.39
2024-08-04,56.75,75152.0,57.5,57.66,56.39
2024-08-05,55.33,99654.0,53.52,55.79,52.98
2024-08-06,55.86,166367.0,55.67,56.66,55.07
2024-08-07,55.49,63110.0,57.34,57.51,55.46
2024-08-08,57.78,29793.0,56.56,57.78,55.88
2024-08-09,57.64,38879.0,57.49,57.78,56.99
2024-08-10,57.64,38879.0,57.49,57.78,56.99
2024-08-11,57.64,38879.0,57.49,57.78,56.99
2024-08-12,57.72,36661.0,57.63,58.09,57.4
2024-08-13,59.4,28131.0,58.45,59.4,58.29
2024-08-14,59.02,21059.0,59.37,59.53,58.69
2024-08-15,60.82,17992.0,60.12,60.97,59.99
2024-08-16,61.18,19013.0,60.99,61.22,60.77
2024-08-17,61.18,19013.0,60.99,61.22,60.77
2024-08-18,61.18,19013.0,60.99,61.22,60.77
2024-08-19,61.89,27523.0,61.44,61.89,60.96
2024-08-20,61.39,29791.0,61.81,61.8997,61.18
2024-08-21,62.26,18651.0,61.65,62.3,61.56
2024-08-22,61.2,41292.0,62.73,62.73,61.0
2024-08-23,62.3,72727.0,61.45,62.41,61.45
2024-08-24,62.3,72727.0,61.45,62.41,61.45
2024-08-25,62.3,72727.0,61.45,62.41,61.45
2024-08-26,61.51,29863.0,61.88,62.16,61.5
2024-08-27,62.0,21805.0,61.5,62.0,61.15
2024-08-28,61.17,39492.0,61.69,61.97,60.93
2024-08-29,61.66,31509.0,61.68,62.625,61.62
2024-08-30,62.38,37573.0,62.35,62.38,61.62
2024-08-31,62.38,37573.0,62.35,62.38,61.62
2024-09-01,62.38,37573.0,62.35,62.38,61.62
2024-09-02,62.38,37573.0,62.35,62.38,61.62
2024-09-03,59.46,85112.0,61.67,61.67,59.3
2024-09-04,59.27,29593.0,59.0,59.835,58.67
2024-09-05,59.14,28361.0,59.01,59.65,58.93
2024-09-06,57.56,37885.0,59.08,59.08,57.34
2024-09-07,57.56,37885.0,59.08,59.08,57.34
2024-09-08,57.56,37885.0,59.08,59.08,57.34
2024-09-09,57.98,42476.0,58.02,58.32,57.71
2024-09-10,58.16,34690.0,58.12,58.22,57.36
2024-09-11,59.71,43635.0,58.39,59.71,57.56
2024-09-12,59.83,35712.0,59.42,60.14,59.11
2024-09-13,60.55,24482.0,59.95,60.62,59.95
2024-09-14,60.55,24482.0,59.95,60.62,59.95
2024-09-15,60.55,24482.0,59.95,60.62,59.95
2024-09-16,60.34,23480.0,60.39,60.39,59.94
2024-09-17,60.48,17411.0,60.79,60.94,60.22
2024-09-18,59.84,37464.0,60.4,60.98,59.84
2024-09-19,61.67,53894.0,61.4,61.9998,61.25
2024-09-20,61.19,83129.0,61.39,61.39,60.7
2024-09-21,61.19,83129.0,61.39,61.39,60.7
2024-09-22,61.19,83129.0,61.39,61.39,60.7
2024-09-23,61.5,42246.0,61.25,61.5692,61.25
2024-09-24,62.02,45767.0,61.86,62.11,61.49
2024-09-25,61.72,40572.0,61.67,62.17,61.59
2024-09-26,63.44,40499.0,63.22,63.5097,62.67
2024-09-27,63.06,18482.0,63.63,63.68,63.0
2024-09-28,63.06,18482.0,63.63,63.68,63.0
2024-09-29,63.06,18482.0,63.63,63.68,63.0
2024-09-30,62.4,32603.0,62.55,63.015,62.03
2024-10-01,61.74,37838.0,62.58,62.58,61.28
2024-10-02,62.23,21276.0,61.63,62.3799,61.39
2024-10-03,61.785,20793.0,61.68,62.1,61.55
2024-10-04,62.54,18913.0,62.62,62.78,62.08
2024-10-05,62.54,18913.0,62.62,62.78,62.08
2024-10-06,62.54,18913.0,62.62,62.78,62.08
2024-10-07,62.38,25393.0,62.42,62.5,61.92
2024-10-08,62.56,21841.0,62.26,62.7099,62.19
2024-10-09,62.92,18312.0,62.47,62.9919,62.25
2024-10-10,62.635,13426.0,62.43,62.635,61.95
2024-10-11,63.64,14561.0,62.37,63.64,62.37
2024-10-12,63.64,14561.0,62.37,63.64,62.37
2024-10-13,63.64,14561.0,62.37,63.64,62.37
2024-10-14,64.18,13131.0,63.79,64.36,63.79
2024-10-15,62.63,23706.0,64.16,64.4566,62.31
2024-10-16,62.95,73585.0,62.99,63.1,62.51
2024-10-17,63.05,24262.0,63.67,63.67,63.04
2024-10-18,63.71,25805.0,63.5,63.8299,63.34
2024-10-19,63.71,25805.0,63.5,63.8299,63.34
2024-10-20,63.71,25805.0,63.5,63.8299,63.34
2024-10-21,63.87,37563.0,63.62,63.88,63.18
2024-10-22,63.59,22988.0,63.61,63.61,63.28
2024-10-23,62.89,20615.0,63.29,63.8,62.36
2024-10-24,63.26,20357.0,63.35,63.67,62.98
2024-10-25,63.53,21663.0,63.84,64.34,63.53
2024-10-26,63.53,21663.0,63.84,64.34,63.53
2024-10-27,63.53,21663.0,63.84,64.34,63.53
2024-10-28,64.45,31062.0,63.99,64.68,63.9
2024-10-29,64.92,28544.0,64.8,64.98,64.41
2024-10-30,63.89,29781.0,63.98,64.63,63.86
2024-10-31,62.28,24186.0,63.59,63.59,62.11
2024-11-01,62.12,21538.0,62.49,62.76,62.07
2024-11-02,62.12,21538.0,62.49,62.76,62.07
2024-11-03,62.12,21538.0,62.49,62.76,62.07
2024-11-04,61.78,22319.0,62.18,62.5572,61.78
2024-11-05,62.35,21111.0,62.03,62.3581,62.03
2024-11-06,63.87,52535.0,63.63,64.045,63.16
2024-11-07,66.46,42268.0,64.58,66.46,64.58
2024-11-08,66.63,42167.0,66.06,66.7603,65.97
2024-11-09,66.63,42167.0,66.06,66.7603,65.97
2024-11-10,66.63,42167.0,66.06,66.7603,65.97
2024-11-11,66.89,41827.0,67.28,67.3,66.09
2024-11-12,66.09,49525.0,66.43,66.78,65.36
2024-11-13,66.19,63281.0,66.2,66.89,65.92
2024-11-14,65.76,51802.0,66.9,66.91,65.72
2024-11-15,64.55,118149.0,65.36,65.36,64.27
2024-11-16,64.55,118149.0,65.36,65.36,64.27
2024-11-17,64.55,118149.0,65.36,65.36,64.27
2024-11-18,64.39,33154.0,64.71,64.71,63.67
2024-11-19,65.32,27783.0,64.02,65.3396,64.02
2024-11-20,65.91,69537.0,65.44,65.91,65.04
2024-11-21,66.8,147929.0,66.86,67.35,65.61
2024-11-22,68.45,125887.0,67.6,68.67,66.97
2024-11-23,68.45,125887.0,67.6,68.67,66.97
2024-11-24,68.45,125887.0,67.6,68.67,66.97
2024-11-25,69.55,326778.0,71.07,71.215,69.28
2024-11-26,68.05,122899.0,69.13,69.474,67.68
2024-11-27,68.34,88249.0,68.87,68.87,67.5
2024-11-28,68.34,88249.0,68.87,68.87,67.5
2024-11-29,70.49,99863.0,69.25,70.81,68.95
2024-11-30,70.49,99863.0,69.25,70.81,68.95
2024-12-01,70.49,99863.0,69.25,70.81,68.95
2024-12-02,70.6,129654.0,71.78,71.78,70.1
2024-12-03,70.79,100552.0,70.15,70.85,69.64
2024-12-04,71.55,108366.0,71.66,72.07,70.97
2024-12-05,72.18,153748.0,72.26,72.83,70.86
2024-12-06,75.37,330137.0,73.3,75.45,72.71
2024-12-07,75.37,330137.0,73.3,75.45,72.71
2024-12-08,75.37,330137.0,73.3,75.45,72.71
2024-12-09,74.27,221690.0,76.75,76.75,74.25
2024-12-10,75.66,389926.0,74.22,76.729,74.08
2024-12-11,76.45,492946.0,78.33,78.39,74.06
2024-12-12,74.49,656844.0,76.5,77.54,74.37
2024-12-13,77.64,694437.0,75.59,77.665,74.9
2024-12-14,77.64,694437.0,75.59,77.665,74.9
2024-12-15,77.64,694437.0,75.59,77.665,74.9
2024-12-16,82.59,1550022.0,77.92,84.59,76.84
2024-12-17,86.48,1513482.0,84.7,86.59,82.27
